,time,volume,mid_o,mid_h,mid_l,mid_c,bid_o,bid_h,bid_l,bid_c,ask_o,ask_h,ask_l,ask_c
0,2019-01-01T22:00:00.000000000Z,110521,1.36404,1.36630,1.35692,1.35846,1.36381,1.36620,1.35681,1.35824,1.36426,1.36639,1.35701,1.35869
1,2019-01-02T22:00:00.000000000Z,148444,1.35864,1.36561,1.34690,1.34870,1.35842,1.36545,1.34680,1.34847,1.35887,1.36579,1.34699,1.34892
2,2019-01-03T22:00:00.000000000Z,110645,1.34894,1.34978,1.33726,1.33728,1.34872,1.34955,1.33678,1.33678,1.34917,1.35000,1.33752,1.33778
3,2019-01-04T22:00:00.000000000Z,2,1.33723,1.33766,1.33723,1.33766,1.33673,1.33716,1.33673,1.33716,1.33773,1.33816,1.33773,1.33816
4,2019-01-06T22:00:00.000000000Z,73293,1.33781,1.33906,1.32786,1.33000,1.33731,1.33884,1.32777,1.32978,1.33831,1.33931,1.32795,1.33023
5,2019-01-07T22:00:00.000000000Z,69507,1.32978,1.33236,1.32674,1.32746,1.32955,1.33224,1.32666,1.32724,1.33000,1.33248,1.32683,1.32769
6,2019-01-08T22:00:00.000000000Z,113213,1.32772,1.32798,1.31794,1.32090,1.32749,1.32775,1.31784,1.32067,1.32794,1.32820,1.31805,1.32112
7,2019-01-09T22:00:00.000000000Z,71398,1.32112,1.32595,1.32016,1.32346,1.32089,1.32585,1.31993,1.32323,1.32134,1.32606,1.32038,1.32368
8,2019-01-10T22:00:00.000000000Z,73629,1.32332,1.32794,1.31832,1.32652,1.32310,1.32783,1.31821,1.32602,1.32355,1.32804,1.31840,1.32702
9,2019-01-13T22:00:00.000000000Z,62453,1.32635,1.32983,1.32530,1.32824,1.32585,1.32973,1.32523,1.32801,1.32685,1.32993,1.32538,1.32846
10,2019-01-14T22:00:00.000000000Z,81990,1.32848,1.32946,1.32260,1.32666,1.32825,1.32937,1.32251,1.32643,1.32870,1.32958,1.32269,1.32688
11,2019-01-15T22:00:00.000000000Z,69465,1.32706,1.32846,1.32350,1.32556,1.32683,1.32837,1.32340,1.32533,1.32728,1.32855,1.32358,1.32578
12,2019-01-16T22:00:00.000000000Z,82991,1.32574,1.33193,1.32484,1.32778,1.32552,1.33185,1.32475,1.32755,1.32597,1.33203,1.32493,1.32800
13,2019-01-17T22:00:00.000000000Z,71408,1.32798,1.32841,1.32312,1.32658,1.32776,1.32833,1.32262,1.32608,1.32821,1.32878,1.32337,1.32708
14,2019-01-20T22:00:00.000000000Z,73550,1.32688,1.33180,1.32514,1.32972,1.32638,1.33171,1.32502,1.32950,1.32738,1.33191,1.32525,1.32995
15,2019-01-21T22:00:00.000000000Z,62307,1.32950,1.33580,1.32930,1.33556,1.32928,1.33572,1.32907,1.33533,1.32973,1.33594,1.32952,1.33578
16,2019-01-22T22:00:00.000000000Z,63295,1.33534,1.33715,1.33049,1.33444,1.33511,1.33705,1.33040,1.33422,1.33556,1.33725,1.33057,1.33467
17,2019-01-23T22:00:00.000000000Z,75504,1.33460,1.33748,1.33300,1.33554,1.33437,1.33736,1.33292,1.33532,1.33482,1.33759,1.33309,1.33577
18,2019-01-24T22:00:00.000000000Z,69043,1.33462,1.33622,1.32143,1.32159,1.33439,1.33600,1.32093,1.32109,1.33484,1.33645,1.32172,1.32209
19,2019-01-25T22:00:00.000000000Z,1,1.32200,1.32200,1.32200,1.32200,1.32150,1.32150,1.32150,1.32150,1.32250,1.32250,1.32250,1.32250
20,2019-01-27T22:00:00.000000000Z,52897,1.32188,1.32861,1.32029,1.32608,1.32140,1.32852,1.32018,1.32586,1.32235,1.32871,1.32040,1.32631
21,2019-01-28T22:00:00.000000000Z,69658,1.32622,1.32854,1.32414,1.32706,1.32599,1.32844,1.32405,1.32684,1.32644,1.32863,1.32422,1.32729
22,2019-01-29T22:00:00.000000000Z,55384,1.32742,1.32811,1.31188,1.31498,1.32720,1.32802,1.31179,1.31475,1.32765,1.32823,1.31197,1.31520
23,2019-01-30T22:00:00.000000000Z,23603,1.31508,1.31652,1.31204,1.31256,1.31486,1.31643,1.31193,1.31233,1.31531,1.31661,1.31214,1.31278
24,2019-01-31T22:00:00.000000000Z,22477,1.31242,1.31574,1.30688,1.31007,1.31220,1.31566,1.30680,1.30957,1.31265,1.31583,1.30696,1.31057
25,2019-02-03T22:00:00.000000000Z,15001,1.30975,1.31476,1.30858,1.31108,1.30925,1.31467,1.30844,1.31085,1.31025,1.31484,1.30867,1.31130
26,2019-02-04T22:00:00.000000000Z,14279,1.31132,1.31534,1.31023,1.31260,1.31109,1.31526,1.31013,1.31238,1.31154,1.31541,1.31033,1.31283
27,2019-02-05T22:00:00.000000000Z,17828,1.31286,1.32154,1.31249,1.32124,1.31263,1.32145,1.31238,1.32102,1.31308,1.32163,1.31260,1.32147
28,2019-02-06T22:00:00.000000000Z,17828,1.32130,1.33173,1.32066,1.33084,1.32108,1.33164,1.32044,1.33062,1.32153,1.33182,1.32089,1.33107
29,2019-02-07T22:00:00.000000000Z,20922,1.33024,1.33293,1.32325,1.32768,1.33001,1.33285,1.32316,1.32718,1.33046,1.33301,1.32334,1.32818
30,2019-02-10T22:00:00.000000000Z,15778,1.32702,1.33192,1.32618,1.33012,1.32652,1.33184,1.32608,1.32989,1.32752,1.33200,1.32628,1.33034
31,2019-02-11T22:00:00.000000000Z,17117,1.32972,1.33145,1.32333,1.32358,1.32950,1.33137,1.32325,1.32336,1.32995,1.33154,1.32341,1.32381
32,2019-02-12T22:00:00.000000000Z,15991,1.32394,1.32594,1.31964,1.32558,1.32372,1.32586,1.31956,1.32536,1.32417,1.32610,1.31973,1.32581
33,2019-02-13T22:00:00.000000000Z,21744,1.32542,1.33402,1.32291,1.32956,1.32520,1.33392,1.32282,1.32934,1.32565,1.33414,1.32300,1.32979
34,2019-02-14T22:00:00.000000000Z,17271,1.32932,1.33132,1.32452,1.32464,1.32909,1.33125,1.32409,1.32414,1.32954,1.33140,1.32461,1.32514
35,2019-02-17T22:00:00.000000000Z,9424,1.32547,1.32557,1.32255,1.32406,1.32497,1.32531,1.32245,1.32384,1.32597,1.32607,1.32264,1.32429
36,2019-02-18T22:00:00.000000000Z,17235,1.32402,1.32815,1.32056,1.32122,1.32379,1.32806,1.32046,1.32100,1.32424,1.32824,1.32066,1.32145
37,2019-02-19T22:00:00.000000000Z,19208,1.32138,1.32166,1.31503,1.31768,1.32115,1.32146,1.31492,1.31745,1.32160,1.32189,1.31511,1.31790
38,2019-02-20T22:00:00.000000000Z,25590,1.31760,1.32344,1.31629,1.32334,1.31738,1.32322,1.31597,1.32311,1.31783,1.32367,1.31638,1.32356
39,2019-02-21T22:00:00.000000000Z,20038,1.32296,1.32423,1.31338,1.31374,1.32273,1.32413,1.31309,1.31324,1.32318,1.32433,1.31349,1.31424
40,2019-02-24T22:00:00.000000000Z,18926,1.31348,1.31973,1.31130,1.31874,1.31314,1.31963,1.31121,1.31852,1.31381,1.31983,1.31139,1.31897
41,2019-02-25T22:00:00.000000000Z,17698,1.31908,1.32358,1.31554,1.31694,1.31886,1.32351,1.31544,1.31671,1.31931,1.32366,1.31563,1.31716
42,2019-02-26T22:00:00.000000000Z,47824,1.31676,1.31765,1.31182,1.31560,1.31654,1.31756,1.31172,1.31538,1.31699,1.31775,1.31193,1.31583
43,2019-02-27T22:00:00.000000000Z,22067,1.31554,1.32074,1.31402,1.31746,1.31531,1.32067,1.31394,1.31724,1.31576,1.32082,1.31411,1.31769
44,2019-02-28T22:00:00.000000000Z,24669,1.31696,1.33068,1.31302,1.32979,1.31674,1.33054,1.31293,1.32929,1.31719,1.33113,1.31311,1.33029
45,2019-03-03T22:00:00.000000000Z,18406,1.32776,1.33378,1.32753,1.33034,1.32737,1.33370,1.32731,1.33012,1.32816,1.33386,1.32762,1.33057
46,2019-03-04T22:00:00.000000000Z,18421,1.33042,1.33604,1.33036,1.33518,1.33019,1.33596,1.33014,1.33495,1.33064,1.33612,1.33059,1.33540
47,2019-03-05T22:00:00.000000000Z,24336,1.33524,1.34575,1.33496,1.34414,1.33501,1.34563,1.33473,1.34397,1.33546,1.34587,1.33518,1.34432
48,2019-03-06T22:00:00.000000000Z,24719,1.34421,1.34676,1.34138,1.34560,1.34389,1.34668,1.34130,1.34538,1.34453,1.34685,1.34147,1.34583
49,2019-03-07T22:00:00.000000000Z,24325,1.34496,1.34666,1.33904,1.34168,1.34473,1.34658,1.33895,1.34118,1.34518,1.34674,1.33914,1.34218
50,2019-03-10T21:00:00.000000000Z,15878,1.34166,1.34398,1.33926,1.33938,1.34116,1.34389,1.33904,1.33916,1.34216,1.34417,1.33941,1.33961
51,2019-03-11T21:00:00.000000000Z,17122,1.33944,1.34173,1.33526,1.33538,1.33922,1.34164,1.33511,1.33515,1.33967,1.34182,1.33535,1.33560
52,2019-03-12T21:00:00.000000000Z,17265,1.33560,1.33712,1.32909,1.33002,1.33538,1.33703,1.32900,1.32980,1.33583,1.33722,1.32918,1.33025
53,2019-03-13T21:00:00.000000000Z,16760,1.33018,1.33474,1.32873,1.33346,1.32995,1.33465,1.32862,1.33323,1.33040,1.33483,1.32882,1.33368
54,2019-03-14T21:00:00.000000000Z,17372,1.33340,1.33713,1.32895,1.33370,1.33318,1.33705,1.32886,1.33324,1.33363,1.33722,1.32904,1.33415
55,2019-03-17T21:00:00.000000000Z,14707,1.33335,1.33656,1.33018,1.33358,1.33305,1.33649,1.33009,1.33336,1.33365,1.33664,1.33026,1.33381
56,2019-03-18T21:00:00.000000000Z,19212,1.33362,1.33446,1.32506,1.33248,1.33340,1.33437,1.32497,1.33226,1.33385,1.33456,1.32514,1.33271
57,2019-03-19T21:00:00.000000000Z,21213,1.33224,1.33476,1.32577,1.33054,1.33202,1.33468,1.32568,1.33031,1.33247,1.33485,1.32586,1.33076
58,2019-03-20T21:00:00.000000000Z,24683,1.33050,1.34000,1.32756,1.33670,1.33027,1.33993,1.32745,1.33647,1.33072,1.34008,1.32768,1.33692
59,2019-03-21T21:00:00.000000000Z,32746,1.33616,1.34298,1.33522,1.34291,1.33594,1.34285,1.33513,1.34241,1.33639,1.34341,1.33530,1.34341
60,2019-03-22T21:00:00.000000000Z,3,1.34297,1.34309,1.34297,1.34309,1.34247,1.34259,1.34247,1.34259,1.34347,1.34359,1.34347,1.34359
61,2019-03-24T21:00:00.000000000Z,22320,1.34269,1.34446,1.33996,1.34022,1.34229,1.34436,1.33987,1.34000,1.34309,1.34455,1.34004,1.34045
62,2019-03-25T21:00:00.000000000Z,19111,1.34026,1.34162,1.33723,1.33808,1.34004,1.34139,1.33715,1.33786,1.34049,1.34184,1.33731,1.33831
63,2019-03-26T21:00:00.000000000Z,24341,1.33824,1.34400,1.33773,1.34124,1.33801,1.34392,1.33763,1.34102,1.33846,1.34407,1.33783,1.34147
64,2019-03-27T21:00:00.000000000Z,24995,1.34118,1.34510,1.33964,1.34408,1.34095,1.34502,1.33955,1.34386,1.34140,1.34538,1.33972,1.34431
65,2019-03-28T21:00:00.000000000Z,21929,1.34398,1.34426,1.33417,1.33504,1.34375,1.34417,1.33408,1.33454,1.34420,1.34442,1.33426,1.33554
66,2019-03-31T21:00:00.000000000Z,20723,1.33498,1.33706,1.32982,1.33080,1.33448,1.33695,1.32969,1.33057,1.33548,1.33716,1.32995,1.33102
67,2019-04-01T21:00:00.000000000Z,17516,1.33074,1.33740,1.33046,1.33370,1.33052,1.33731,1.33023,1.33347,1.33097,1.33750,1.33068,1.33392
68,2019-04-02T21:00:00.000000000Z,17598,1.33380,1.33534,1.32966,1.33454,1.33357,1.33525,1.32957,1.33432,1.33402,1.33543,1.32974,1.33477
69,2019-04-03T21:00:00.000000000Z,14411,1.33450,1.33728,1.33380,1.33594,1.33428,1.33720,1.33357,1.33572,1.33473,1.33737,1.33398,1.33617
70,2019-04-04T21:00:00.000000000Z,16580,1.33608,1.34030,1.33490,1.33842,1.33585,1.34020,1.33481,1.33792,1.33630,1.34041,1.33498,1.33892
71,2019-04-05T21:00:00.000000000Z,1,1.33847,1.33847,1.33847,1.33847,1.33797,1.33797,1.33797,1.33797,1.33897,1.33897,1.33897,1.33897
72,2019-04-07T21:00:00.000000000Z,13031,1.33863,1.33876,1.33050,1.33142,1.33813,1.33854,1.33041,1.33120,1.33913,1.33926,1.33058,1.33165
73,2019-04-08T21:00:00.000000000Z,13323,1.33130,1.33318,1.32840,1.33306,1.33108,1.33296,1.32832,1.33284,1.33153,1.33341,1.32849,1.33329
74,2019-04-09T21:00:00.000000000Z,14466,1.33264,1.33600,1.33064,1.33192,1.33242,1.33592,1.33056,1.33169,1.33287,1.33607,1.33072,1.33214
75,2019-04-10T21:00:00.000000000Z,14017,1.33168,1.33959,1.33134,1.33840,1.33145,1.33951,1.33112,1.33817,1.33190,1.33967,1.33157,1.33862
76,2019-04-11T21:00:00.000000000Z,15608,1.33864,1.33864,1.33132,1.33257,1.33842,1.33846,1.33114,1.33207,1.33887,1.33887,1.33149,1.33307
77,2019-04-14T21:00:00.000000000Z,15528,1.33365,1.33906,1.32974,1.33678,1.33315,1.33896,1.32966,1.33656,1.33415,1.33915,1.32983,1.33701
78,2019-04-15T21:00:00.000000000Z,16031,1.33686,1.34028,1.33464,1.33498,1.33663,1.34020,1.33455,1.33476,1.33708,1.34037,1.33472,1.33521
79,2019-04-16T21:00:00.000000000Z,19914,1.33504,1.33727,1.32747,1.33402,1.33482,1.33717,1.32738,1.33380,1.33527,1.33737,1.32756,1.33425
80,2019-04-17T21:00:00.000000000Z,19157,1.33420,1.33998,1.33364,1.33802,1.33398,1.33989,1.33341,1.33779,1.33443,1.34007,1.33386,1.33824
81,2019-04-18T21:00:00.000000000Z,6189,1.33776,1.33938,1.33660,1.33917,1.33754,1.33908,1.33639,1.33867,1.33799,1.33988,1.33675,1.33967
82,2019-04-21T21:00:00.000000000Z,10894,1.33879,1.33918,1.33356,1.33470,1.33829,1.33877,1.33343,1.33447,1.33929,1.33965,1.33365,1.33492
83,2019-04-22T21:00:00.000000000Z,15383,1.33478,1.34430,1.33438,1.34230,1.33456,1.34422,1.33427,1.34207,1.33501,1.34439,1.33448,1.34252
84,2019-04-23T21:00:00.000000000Z,27453,1.34224,1.35216,1.34214,1.34964,1.34202,1.35199,1.34192,1.34941,1.34247,1.35234,1.34237,1.34986
85,2019-04-24T21:00:00.000000000Z,16566,1.34908,1.35167,1.34830,1.34854,1.34885,1.35158,1.34807,1.34831,1.34930,1.35176,1.34845,1.34876
86,2019-04-25T21:00:00.000000000Z,21720,1.34876,1.34980,1.34520,1.34562,1.34853,1.34971,1.34508,1.34512,1.34898,1.34989,1.34528,1.34612
87,2019-04-28T21:00:00.000000000Z,12094,1.34604,1.34797,1.34404,1.34572,1.34554,1.34788,1.34394,1.34549,1.34654,1.34806,1.34411,1.34594
88,2019-04-29T21:00:00.000000000Z,21402,1.34576,1.34806,1.33814,1.33904,1.34554,1.34797,1.33805,1.33881,1.34599,1.34815,1.33822,1.33926
89,2019-04-30T21:00:00.000000000Z,20582,1.33898,1.34614,1.33772,1.34376,1.33875,1.34604,1.33762,1.34353,1.33920,1.34624,1.33781,1.34398
90,2019-05-01T21:00:00.000000000Z,17496,1.34380,1.34766,1.34310,1.34742,1.34357,1.34758,1.34301,1.34719,1.34402,1.34775,1.34319,1.34764
91,2019-05-02T21:00:00.000000000Z,17382,1.34688,1.34917,1.34066,1.34217,1.34665,1.34887,1.34051,1.34167,1.34710,1.34962,1.34075,1.34267
92,2019-05-05T21:00:00.000000000Z,19933,1.34619,1.34940,1.34326,1.34480,1.34569,1.34932,1.34317,1.34457,1.34669,1.34948,1.34334,1.34502
93,2019-05-06T21:00:00.000000000Z,19627,1.34488,1.34888,1.34102,1.34732,1.34465,1.34879,1.34057,1.34710,1.34510,1.34897,1.34121,1.34755
94,2019-05-07T21:00:00.000000000Z,21319,1.34710,1.34866,1.34450,1.34782,1.34688,1.34858,1.34441,1.34759,1.34733,1.34876,1.34459,1.34804
95,2019-05-08T21:00:00.000000000Z,23760,1.34766,1.35054,1.34591,1.34764,1.34743,1.35046,1.34583,1.34742,1.34788,1.35063,1.34599,1.34787
96,2019-05-09T21:00:00.000000000Z,31129,1.34716,1.34838,1.33805,1.34164,1.34693,1.34815,1.33796,1.34114,1.34738,1.34860,1.33814,1.34214
97,2019-05-12T21:00:00.000000000Z,20543,1.34265,1.34848,1.34166,1.34832,1.34215,1.34826,1.34138,1.34809,1.34315,1.34871,1.34181,1.34854
98,2019-05-13T21:00:00.000000000Z,16762,1.34786,1.34878,1.34562,1.34642,1.34763,1.34866,1.34552,1.34619,1.34808,1.34891,1.34571,1.34664
99,2019-05-14T21:00:00.000000000Z,19990,1.34638,1.34936,1.34274,1.34372,1.34615,1.34928,1.34265,1.34350,1.34660,1.34943,1.34282,1.34395
100,2019-05-15T21:00:00.000000000Z,15122,1.34382,1.34698,1.34008,1.34606,1.34360,1.34690,1.33999,1.34584,1.34405,1.34707,1.34016,1.34629
101,2019-05-16T21:00:00.000000000Z,22283,1.34640,1.35136,1.34350,1.34632,1.34618,1.35128,1.34341,1.34582,1.34663,1.35148,1.34358,1.34682
102,2019-05-17T21:00:00.000000000Z,3,1.34622,1.34628,1.34614,1.34628,1.34572,1.34578,1.34564,1.34578,1.34672,1.34678,1.34664,1.34678
103,2019-05-19T21:00:00.000000000Z,15404,1.34450,1.34570,1.34164,1.34292,1.34417,1.34557,1.34156,1.34269,1.34483,1.34582,1.34172,1.34314
104,2019-05-20T21:00:00.000000000Z,17448,1.34302,1.34340,1.33960,1.34048,1.34279,1.34329,1.33952,1.34026,1.34324,1.34363,1.33968,1.34071
105,2019-05-21T21:00:00.000000000Z,18552,1.34042,1.34380,1.33576,1.34374,1.34019,1.34357,1.33559,1.34351,1.34064,1.34402,1.33585,1.34396
106,2019-05-22T21:00:00.000000000Z,21688,1.34364,1.35026,1.34322,1.34734,1.34341,1.35018,1.34311,1.34711,1.34386,1.35034,1.34332,1.34756
107,2019-05-23T21:00:00.000000000Z,17222,1.34730,1.34826,1.34306,1.34386,1.34707,1.34818,1.34297,1.34336,1.34752,1.34835,1.34314,1.34436
108,2019-05-26T21:00:00.000000000Z,9047,1.34408,1.34528,1.34296,1.34444,1.34358,1.34519,1.34290,1.34422,1.34458,1.34538,1.34303,1.34467
109,2019-05-27T21:00:00.000000000Z,17521,1.34462,1.34992,1.34336,1.34948,1.34440,1.34983,1.34326,1.34925,1.34485,1.35000,1.34345,1.34970
110,2019-05-28T21:00:00.000000000Z,24741,1.34902,1.35466,1.34819,1.35192,1.34880,1.35457,1.34810,1.35170,1.34925,1.35475,1.34828,1.35215
111,2019-05-29T21:00:00.000000000Z,16384,1.35166,1.35208,1.34857,1.35004,1.35144,1.35200,1.34849,1.34982,1.35189,1.35216,1.34865,1.35027
112,2019-05-30T21:00:00.000000000Z,29948,1.35024,1.35650,1.34936,1.35171,1.35001,1.35641,1.34927,1.35121,1.35046,1.35659,1.34946,1.35221
113,2019-05-31T21:00:00.000000000Z,1,1.35167,1.35167,1.35167,1.35167,1.35117,1.35117,1.35117,1.35117,1.35217,1.35217,1.35217,1.35217
114,2019-06-02T21:00:00.000000000Z,25093,1.35199,1.35270,1.34352,1.34396,1.35149,1.35261,1.34340,1.34374,1.35249,1.35281,1.34360,1.34419
115,2019-06-03T21:00:00.000000000Z,22914,1.34420,1.34514,1.33818,1.33940,1.34398,1.34492,1.33810,1.33917,1.34443,1.34537,1.33825,1.33962
116,2019-06-04T21:00:00.000000000Z,22227,1.33944,1.34284,1.33630,1.34180,1.33922,1.34276,1.33622,1.34158,1.33967,1.34291,1.33639,1.34203
117,2019-06-05T21:00:00.000000000Z,20829,1.34166,1.34306,1.33603,1.33638,1.34143,1.34296,1.33592,1.33616,1.34188,1.34316,1.33613,1.33661
118,2019-06-06T21:00:00.000000000Z,22591,1.33656,1.33674,1.32624,1.32683,1.33633,1.33653,1.32603,1.32633,1.33678,1.33697,1.32632,1.32733
119,2019-06-07T21:00:00.000000000Z,2,1.32678,1.32678,1.32673,1.32673,1.32628,1.32628,1.32623,1.32623,1.32728,1.32728,1.32723,1.32723
120,2019-06-09T21:00:00.000000000Z,13996,1.32431,1.32810,1.32430,1.32682,1.32381,1.32802,1.32381,1.32660,1.32481,1.32818,1.32477,1.32705
121,2019-06-10T21:00:00.000000000Z,15200,1.32686,1.33091,1.32506,1.32840,1.32664,1.33082,1.32498,1.32818,1.32709,1.33100,1.32514,1.32863
122,2019-06-11T21:00:00.000000000Z,15826,1.32834,1.33448,1.32735,1.33436,1.32811,1.33437,1.32727,1.33413,1.32856,1.33470,1.32743,1.33458
123,2019-06-12T21:00:00.000000000Z,15147,1.33424,1.33432,1.33005,1.33264,1.33402,1.33410,1.32997,1.33241,1.33447,1.33455,1.33013,1.33286
124,2019-06-13T21:00:00.000000000Z,17616,1.33268,1.34228,1.33238,1.34131,1.33245,1.34219,1.33227,1.34081,1.33290,1.34238,1.33250,1.34181
125,2019-06-14T21:00:00.000000000Z,2,1.34135,1.34135,1.34131,1.34131,1.34085,1.34085,1.34081,1.34081,1.34185,1.34185,1.34181,1.34181
126,2019-06-16T21:00:00.000000000Z,11329,1.34104,1.34200,1.33933,1.34134,1.34067,1.34191,1.33926,1.34112,1.34141,1.34209,1.33940,1.34157
127,2019-06-17T21:00:00.000000000Z,17923,1.34120,1.34324,1.33752,1.33770,1.34097,1.34317,1.33743,1.33747,1.34142,1.34332,1.33761,1.33792
128,2019-06-18T21:00:00.000000000Z,24803,1.33812,1.33834,1.32796,1.32808,1.33790,1.33826,1.32781,1.32785,1.33835,1.33842,1.32805,1.32830
129,2019-06-19T21:00:00.000000000Z,24221,1.32814,1.32858,1.31513,1.31928,1.32791,1.32835,1.31505,1.31905,1.32836,1.32880,1.31520,1.31950
130,2019-06-20T21:00:00.000000000Z,19830,1.31908,1.32295,1.31626,1.32221,1.31885,1.32287,1.31617,1.32171,1.31930,1.32303,1.31634,1.32271
131,2019-06-21T21:00:00.000000000Z,1,1.32263,1.32263,1.32263,1.32263,1.32213,1.32213,1.32213,1.32213,1.32313,1.32313,1.32313,1.32313
132,2019-06-23T21:00:00.000000000Z,14049,1.32160,1.32166,1.31779,1.31810,1.32122,1.32150,1.31772,1.31787,1.32197,1.32199,1.31786,1.31832
133,2019-06-24T21:00:00.000000000Z,20704,1.31818,1.32084,1.31527,1.31676,1.31795,1.32077,1.31520,1.31654,1.31840,1.32092,1.31534,1.31699
134,2019-06-25T21:00:00.000000000Z,16920,1.31686,1.31958,1.31072,1.31268,1.31663,1.31946,1.31064,1.31245,1.31708,1.31971,1.31080,1.31290
135,2019-06-26T21:00:00.000000000Z,13590,1.31264,1.31380,1.30918,1.30954,1.31241,1.31372,1.30910,1.30931,1.31286,1.31388,1.30925,1.30976
136,2019-06-27T21:00:00.000000000Z,17635,1.30980,1.31026,1.30599,1.30941,1.30958,1.31004,1.30590,1.30891,1.31003,1.31049,1.30608,1.30991
137,2019-06-28T21:00:00.000000000Z,1,1.30937,1.30937,1.30937,1.30937,1.30887,1.30887,1.30887,1.30887,1.30987,1.30987,1.30987,1.30987
138,2019-06-30T21:00:00.000000000Z,14235,1.30794,1.31453,1.30760,1.31340,1.30765,1.31445,1.30712,1.31317,1.30824,1.31461,1.30795,1.31362
139,2019-07-01T21:00:00.000000000Z,14384,1.31350,1.31386,1.30968,1.31052,1.31327,1.31377,1.30959,1.31030,1.31372,1.31394,1.30977,1.31075
140,2019-07-02T21:00:00.000000000Z,12998,1.31094,1.31194,1.30584,1.30588,1.31071,1.31186,1.30562,1.30566,1.31116,1.31202,1.30607,1.30611
141,2019-07-03T21:00:00.000000000Z,9152,1.30600,1.30796,1.30376,1.30524,1.30578,1.30787,1.30366,1.30502,1.30623,1.30804,1.30386,1.30547
142,2019-07-04T21:00:00.000000000Z,15960,1.30540,1.31366,1.30456,1.30800,1.30517,1.31359,1.30433,1.30750,1.30562,1.31375,1.30467,1.30850
143,2019-07-05T21:00:00.000000000Z,3,1.30804,1.30841,1.30804,1.30841,1.30754,1.30791,1.30754,1.30791,1.30854,1.30891,1.30854,1.30891
144,2019-07-07T21:00:00.000000000Z,10342,1.30747,1.31031,1.30494,1.30964,1.30702,1.31023,1.30486,1.30941,1.30792,1.31039,1.30502,1.30986
145,2019-07-08T21:00:00.000000000Z,12015,1.30926,1.31415,1.30904,1.31292,1.30904,1.31407,1.30882,1.31269,1.30949,1.31423,1.30927,1.31314
146,2019-07-09T21:00:00.000000000Z,22028,1.31284,1.31442,1.30624,1.30812,1.31262,1.31431,1.30616,1.30789,1.31307,1.31453,1.30633,1.30834
147,2019-07-10T21:00:00.000000000Z,16498,1.30830,1.30915,1.30422,1.30692,1.30808,1.30907,1.30413,1.30670,1.30853,1.30923,1.30429,1.30715
148,2019-07-11T21:00:00.000000000Z,13407,1.30750,1.30750,1.30182,1.30284,1.30727,1.30727,1.30175,1.30248,1.30772,1.30772,1.30190,1.30320
149,2019-07-14T21:00:00.000000000Z,10325,1.30342,1.30536,1.30214,1.30488,1.30309,1.30529,1.30207,1.30466,1.30376,1.30544,1.30222,1.30511
150,2019-07-15T21:00:00.000000000Z,14216,1.30484,1.30916,1.30229,1.30878,1.30462,1.30893,1.30222,1.30856,1.30507,1.30938,1.30236,1.30901
151,2019-07-16T21:00:00.000000000Z,12562,1.30836,1.30938,1.30356,1.30542,1.30813,1.30929,1.30347,1.30520,1.30858,1.30946,1.30364,1.30565
152,2019-07-17T21:00:00.000000000Z,15450,1.30528,1.30957,1.30258,1.30270,1.30505,1.30948,1.30235,1.30247,1.30550,1.30966,1.30266,1.30292
153,2019-07-18T21:00:00.000000000Z,18700,1.30292,1.31098,1.30161,1.30595,1.30270,1.31088,1.30151,1.30549,1.30315,1.31108,1.30171,1.30641
154,2019-07-19T21:00:00.000000000Z,1,1.30600,1.30600,1.30600,1.30600,1.30550,1.30550,1.30550,1.30550,1.30650,1.30650,1.30650,1.30650
155,2019-07-21T21:00:00.000000000Z,11560,1.30611,1.31200,1.30408,1.31196,1.30577,1.31187,1.30400,1.31174,1.30645,1.31223,1.30416,1.31219
156,2019-07-22T21:00:00.000000000Z,12362,1.31186,1.31643,1.31164,1.31336,1.31164,1.31636,1.31142,1.31313,1.31209,1.31650,1.31187,1.31358
157,2019-07-23T21:00:00.000000000Z,12058,1.31328,1.31510,1.31191,1.31406,1.31306,1.31502,1.31183,1.31384,1.31351,1.31518,1.31199,1.31429
158,2019-07-24T21:00:00.000000000Z,17603,1.31410,1.31675,1.31155,1.31648,1.31388,1.31667,1.31147,1.31625,1.31433,1.31684,1.31163,1.31670
159,2019-07-25T21:00:00.000000000Z,11223,1.31630,1.31989,1.31572,1.31671,1.31607,1.31981,1.31564,1.31645,1.31652,1.31997,1.31581,1.31697
160,2019-07-26T21:00:00.000000000Z,2,1.31676,1.31681,1.31676,1.31681,1.31626,1.31631,1.31626,1.31631,1.31726,1.31731,1.31726,1.31731
161,2019-07-28T21:00:00.000000000Z,8642,1.31686,1.31827,1.31494,1.31632,1.31636,1.31819,1.31485,1.31609,1.31736,1.31835,1.31500,1.31654
162,2019-07-29T21:00:00.000000000Z,10791,1.31628,1.31922,1.31442,1.31530,1.31605,1.31914,1.31433,1.31507,1.31650,1.31931,1.31452,1.31552
163,2019-07-30T21:00:00.000000000Z,30576,1.31510,1.32148,1.31056,1.31906,1.31488,1.32139,1.31048,1.31883,1.31533,1.32159,1.31065,1.31928
164,2019-07-31T21:00:00.000000000Z,29219,1.31898,1.32476,1.31830,1.32110,1.31875,1.32468,1.31821,1.32088,1.31920,1.32484,1.31837,1.32133
165,2019-08-01T21:00:00.000000000Z,27890,1.32124,1.32660,1.31998,1.32060,1.32102,1.32651,1.31980,1.32010,1.32147,1.32669,1.32012,1.32110
166,2019-08-02T21:00:00.000000000Z,1,1.32066,1.32066,1.32066,1.32066,1.32016,1.32016,1.32016,1.32016,1.32116,1.32116,1.32116,1.32116
167,2019-08-04T21:00:00.000000000Z,24717,1.32149,1.32474,1.31778,1.32128,1.32099,1.32466,1.31769,1.32105,1.32199,1.32483,1.31786,1.32150
168,2019-08-05T21:00:00.000000000Z,26274,1.32026,1.32914,1.31874,1.32752,1.32003,1.32906,1.31864,1.32729,1.32048,1.32923,1.31883,1.32774
169,2019-08-06T21:00:00.000000000Z,34276,1.32766,1.33450,1.32680,1.33034,1.32744,1.33439,1.32658,1.33012,1.32789,1.33460,1.32703,1.33057
170,2019-08-07T21:00:00.000000000Z,23204,1.33042,1.33142,1.32216,1.32280,1.33020,1.33133,1.32207,1.32257,1.33065,1.33151,1.32226,1.32302
171,2019-08-08T21:00:00.000000000Z,23689,1.32286,1.32749,1.31964,1.32206,1.32264,1.32735,1.31955,1.32156,1.32309,1.32771,1.31972,1.32256
172,2019-08-09T21:00:00.000000000Z,2,1.32210,1.32210,1.32193,1.32193,1.32160,1.32160,1.32143,1.32143,1.32260,1.32260,1.32243,1.32243
173,2019-08-11T21:00:00.000000000Z,18083,1.32039,1.32504,1.32032,1.32408,1.32000,1.32496,1.31982,1.32385,1.32078,1.32512,1.32070,1.32430
174,2019-08-12T21:00:00.000000000Z,29533,1.32368,1.32933,1.31850,1.32234,1.32345,1.32925,1.31839,1.32212,1.32390,1.32941,1.31861,1.32257
175,2019-08-13T21:00:00.000000000Z,29942,1.32264,1.33258,1.32108,1.33192,1.32242,1.33250,1.32097,1.33170,1.32287,1.33266,1.32118,1.33215
176,2019-08-14T21:00:00.000000000Z,32832,1.33174,1.33391,1.32855,1.33132,1.33151,1.33383,1.32846,1.33110,1.33196,1.33399,1.32864,1.33155
177,2019-08-15T21:00:00.000000000Z,17987,1.33154,1.33250,1.32616,1.32673,1.33132,1.33242,1.32605,1.32623,1.33177,1.33259,1.32625,1.32723
178,2019-08-16T21:00:00.000000000Z,6,1.32667,1.32690,1.32651,1.32651,1.32617,1.32640,1.32601,1.32601,1.32717,1.32740,1.32701,1.32701
179,2019-08-18T21:00:00.000000000Z,13897,1.32736,1.33372,1.32516,1.33232,1.32686,1.33363,1.32507,1.33209,1.32786,1.33380,1.32524,1.33254
180,2019-08-19T21:00:00.000000000Z,16207,1.33242,1.33458,1.33088,1.33192,1.33220,1.33449,1.33080,1.33170,1.33265,1.33468,1.33096,1.33215
181,2019-08-20T21:00:00.000000000Z,17042,1.33184,1.33270,1.32546,1.32916,1.33162,1.33248,1.32496,1.32894,1.33207,1.33293,1.32567,1.32939
182,2019-08-21T21:00:00.000000000Z,17553,1.32886,1.33154,1.32753,1.33028,1.32864,1.33145,1.32745,1.33006,1.32909,1.33163,1.32761,1.33051
183,2019-08-22T21:00:00.000000000Z,30571,1.33034,1.33390,1.32770,1.32842,1.33012,1.33380,1.32761,1.32792,1.33057,1.33402,1.32780,1.32892
184,2019-08-23T21:00:00.000000000Z,1,1.32847,1.32847,1.32847,1.32847,1.32797,1.32797,1.32797,1.32797,1.32897,1.32897,1.32897,1.32897
185,2019-08-25T21:00:00.000000000Z,31357,1.32948,1.33196,1.32470,1.32546,1.32914,1.33187,1.32460,1.32523,1.32982,1.33205,1.32481,1.32568
186,2019-08-26T21:00:00.000000000Z,19242,1.32534,1.33010,1.32252,1.32840,1.32511,1.33001,1.32243,1.32817,1.32556,1.33018,1.32260,1.32862
187,2019-08-27T21:00:00.000000000Z,17128,1.32834,1.33185,1.32804,1.33070,1.32811,1.33177,1.32782,1.33047,1.32856,1.33193,1.32827,1.33092
188,2019-08-28T21:00:00.000000000Z,17145,1.33092,1.33194,1.32728,1.32898,1.33069,1.33185,1.32720,1.32876,1.33114,1.33202,1.32736,1.32921
189,2019-08-29T21:00:00.000000000Z,21089,1.32914,1.33333,1.32480,1.33122,1.32892,1.33325,1.32462,1.33072,1.32937,1.33341,1.32495,1.33172
190,2019-09-01T21:00:00.000000000Z,8568,1.33204,1.33610,1.33124,1.33248,1.33161,1.33599,1.33082,1.33226,1.33246,1.33621,1.33133,1.33271
191,2019-09-02T21:00:00.000000000Z,17919,1.33270,1.33827,1.33228,1.33376,1.33247,1.33818,1.33205,1.33354,1.33292,1.33836,1.33243,1.33399
192,2019-09-03T21:00:00.000000000Z,18704,1.33364,1.33446,1.32190,1.32236,1.33341,1.33434,1.32181,1.32214,1.33386,1.33457,1.32199,1.32259
193,2019-09-04T21:00:00.000000000Z,15870,1.32230,1.32464,1.31915,1.32278,1.32208,1.32455,1.31906,1.32256,1.32253,1.32474,1.31924,1.32301
194,2019-09-05T21:00:00.000000000Z,18393,1.32314,1.32446,1.31582,1.31709,1.32292,1.32396,1.31573,1.31659,1.32337,1.32496,1.31591,1.31759
195,2019-09-06T21:00:00.000000000Z,3,1.31728,1.31737,1.31728,1.31737,1.31678,1.31687,1.31678,1.31687,1.31778,1.31787,1.31778,1.31787
196,2019-09-08T21:00:00.000000000Z,11235,1.31738,1.31796,1.31395,1.31686,1.31688,1.31762,1.31385,1.31664,1.31788,1.31846,1.31405,1.31709
197,2019-09-09T21:00:00.000000000Z,12297,1.31672,1.31917,1.31340,1.31510,1.31649,1.31909,1.31331,1.31488,1.31694,1.31925,1.31348,1.31533
198,2019-09-10T21:00:00.000000000Z,11759,1.31488,1.32148,1.31396,1.31936,1.31465,1.32138,1.31387,1.31914,1.31510,1.32157,1.31406,1.31959
199,2019-09-11T21:00:00.000000000Z,18415,1.31944,1.32209,1.31769,1.32098,1.31922,1.32201,1.31759,1.32076,1.31967,1.32217,1.31779,1.32121
200,2019-09-12T21:00:00.000000000Z,13239,1.32082,1.32877,1.32070,1.32864,1.32060,1.32849,1.32047,1.32829,1.32105,1.32910,1.32092,1.32900
201,2019-09-13T21:00:00.000000000Z,2,1.32872,1.32877,1.32872,1.32877,1.32822,1.32827,1.32822,1.32827,1.32922,1.32927,1.32922,1.32927
202,2019-09-15T21:00:00.000000000Z,21377,1.32216,1.32712,1.32102,1.32410,1.32169,1.32704,1.32088,1.32387,1.32264,1.32719,1.32116,1.32432
203,2019-09-16T21:00:00.000000000Z,17969,1.32414,1.32996,1.32334,1.32440,1.32391,1.32986,1.32326,1.32418,1.32436,1.33007,1.32342,1.32463
204,2019-09-17T21:00:00.000000000Z,17631,1.32496,1.33103,1.32399,1.32898,1.32473,1.33094,1.32349,1.32875,1.32518,1.33113,1.32419,1.32920
205,2019-09-18T21:00:00.000000000Z,13075,1.32876,1.33073,1.32421,1.32646,1.32854,1.33064,1.32412,1.32624,1.32899,1.33082,1.32430,1.32669
206,2019-09-19T21:00:00.000000000Z,13683,1.32650,1.33008,1.32546,1.32637,1.32628,1.33000,1.32538,1.32587,1.32673,1.33016,1.32554,1.32687
207,2019-09-20T21:00:00.000000000Z,3,1.32632,1.32632,1.32601,1.32601,1.32582,1.32582,1.32551,1.32551,1.32682,1.32682,1.32651,1.32651
208,2019-09-22T21:00:00.000000000Z,11253,1.32610,1.33049,1.32546,1.32620,1.32585,1.33041,1.32537,1.32597,1.32634,1.33057,1.32554,1.32642
209,2019-09-23T21:00:00.000000000Z,12298,1.32596,1.32747,1.32323,1.32426,1.32574,1.32738,1.32315,1.32403,1.32619,1.32756,1.32331,1.32448
210,2019-09-24T21:00:00.000000000Z,13010,1.32430,1.32885,1.32380,1.32690,1.32407,1.32878,1.32357,1.32668,1.32452,1.32893,1.32401,1.32713
211,2019-09-25T21:00:00.000000000Z,12461,1.32650,1.32764,1.32318,1.32660,1.32628,1.32756,1.32309,1.32638,1.32673,1.32772,1.32328,1.32683
212,2019-09-26T21:00:00.000000000Z,14886,1.32670,1.32784,1.32142,1.32441,1.32647,1.32775,1.32133,1.32391,1.32692,1.32794,1.32150,1.32491
213,2019-09-27T21:00:00.000000000Z,1,1.32410,1.32410,1.32410,1.32410,1.32360,1.32360,1.32360,1.32360,1.32460,1.32460,1.32460,1.32460
214,2019-09-29T21:00:00.000000000Z,12394,1.32414,1.32600,1.32244,1.32406,1.32377,1.32592,1.32235,1.32383,1.32452,1.32608,1.32253,1.32428
215,2019-09-30T21:00:00.000000000Z,17369,1.32436,1.32905,1.32100,1.32242,1.32413,1.32897,1.32090,1.32220,1.32458,1.32928,1.32110,1.32265
216,2019-10-01T21:00:00.000000000Z,14054,1.32280,1.33276,1.32061,1.33258,1.32257,1.33253,1.32052,1.33235,1.32302,1.33298,1.32070,1.33280
217,2019-10-02T21:00:00.000000000Z,17890,1.33252,1.33480,1.33095,1.33376,1.33229,1.33471,1.33084,1.33353,1.33274,1.33488,1.33106,1.33398
218,2019-10-03T21:00:00.000000000Z,16069,1.33388,1.33400,1.32994,1.33122,1.33366,1.33380,1.32955,1.33072,1.33411,1.33423,1.33003,1.33172
219,2019-10-04T21:00:00.000000000Z,1,1.33112,1.33112,1.33112,1.33112,1.33062,1.33062,1.33062,1.33062,1.33162,1.33162,1.33162,1.33162
220,2019-10-06T21:00:00.000000000Z,12552,1.33266,1.33308,1.32904,1.33092,1.33232,1.33300,1.32896,1.33070,1.33299,1.33316,1.32912,1.33115
221,2019-10-07T21:00:00.000000000Z,15602,1.33108,1.33368,1.32879,1.33258,1.33086,1.33361,1.32871,1.33235,1.33131,1.33376,1.32887,1.33280
222,2019-10-08T21:00:00.000000000Z,12432,1.33266,1.33388,1.32952,1.33354,1.33243,1.33380,1.32945,1.33331,1.33288,1.33396,1.32960,1.33376
223,2019-10-09T21:00:00.000000000Z,18042,1.33306,1.33458,1.32688,1.32912,1.33283,1.33448,1.32679,1.32889,1.33328,1.33468,1.32697,1.32934
224,2019-10-10T21:00:00.000000000Z,23151,1.32924,1.33002,1.31712,1.32024,1.32901,1.32993,1.31704,1.31974,1.32946,1.33012,1.31720,1.32074
225,2019-10-11T21:00:00.000000000Z,2,1.32017,1.32028,1.32017,1.32028,1.31967,1.31978,1.31967,1.31978,1.32067,1.32078,1.32067,1.32078
226,2019-10-13T21:00:00.000000000Z,10095,1.32030,1.32394,1.31919,1.32344,1.32004,1.32383,1.31908,1.32321,1.32055,1.32404,1.31930,1.32366
227,2019-10-14T21:00:00.000000000Z,13760,1.32298,1.32397,1.31958,1.31988,1.32276,1.32389,1.31949,1.31966,1.32321,1.32405,1.31966,1.32011
228,2019-10-15T21:00:00.000000000Z,14635,1.31982,1.32355,1.31846,1.32004,1.31960,1.32305,1.31837,1.31982,1.32005,1.32405,1.31854,1.32027
229,2019-10-16T21:00:00.000000000Z,13882,1.32026,1.32119,1.31311,1.31370,1.32004,1.32111,1.31304,1.31347,1.32049,1.32127,1.31318,1.31392
230,2019-10-17T21:00:00.000000000Z,8559,1.31376,1.31457,1.31198,1.31277,1.31353,1.31449,1.31189,1.31227,1.31398,1.31468,1.31206,1.31327
231,2019-10-18T21:00:00.000000000Z,2,1.31272,1.31278,1.31272,1.31278,1.31222,1.31228,1.31222,1.31228,1.31322,1.31328,1.31322,1.31328
232,2019-10-20T21:00:00.000000000Z,8220,1.31278,1.31372,1.30824,1.30884,1.31228,1.31363,1.30816,1.30862,1.31328,1.31380,1.30832,1.30907
233,2019-10-21T21:00:00.000000000Z,13147,1.30868,1.31230,1.30712,1.30926,1.30846,1.31221,1.30704,1.30904,1.30891,1.31238,1.30721,1.30949
234,2019-10-22T21:00:00.000000000Z,9130,1.30958,1.31094,1.30686,1.30712,1.30936,1.31085,1.30675,1.30689,1.30981,1.31103,1.30695,1.30734
235,2019-10-23T21:00:00.000000000Z,11035,1.30726,1.30930,1.30532,1.30710,1.30704,1.30922,1.30524,1.30687,1.30749,1.30938,1.30540,1.30732
236,2019-10-24T21:00:00.000000000Z,7708,1.30714,1.30768,1.30562,1.30592,1.30691,1.30760,1.30545,1.30545,1.30736,1.30776,1.30571,1.30638
237,2019-10-27T21:00:00.000000000Z,7863,1.30627,1.30785,1.30496,1.30558,1.30585,1.30777,1.30488,1.30535,1.30669,1.30794,1.30503,1.30580
238,2019-10-28T21:00:00.000000000Z,9766,1.30544,1.31004,1.30423,1.30870,1.30521,1.30996,1.30415,1.30847,1.30566,1.31013,1.30431,1.30892
239,2019-10-29T21:00:00.000000000Z,19663,1.30890,1.32084,1.30748,1.31610,1.30868,1.32074,1.30738,1.31587,1.30913,1.32093,1.30758,1.31632
240,2019-10-30T21:00:00.000000000Z,15059,1.31606,1.31782,1.31354,1.31634,1.31583,1.31775,1.31346,1.31611,1.31628,1.31791,1.31362,1.31656
241,2019-10-31T21:00:00.000000000Z,14023,1.31656,1.31960,1.31396,1.31419,1.31633,1.31949,1.31381,1.31393,1.31678,1.31970,1.31404,1.31445
242,2019-11-03T22:00:00.000000000Z,9165,1.31373,1.31606,1.31305,1.31512,1.31347,1.31598,1.31297,1.31489,1.31399,1.31614,1.31313,1.31534
243,2019-11-04T22:00:00.000000000Z,13015,1.31504,1.31785,1.31156,1.31560,1.31482,1.31777,1.31148,1.31537,1.31527,1.31793,1.31164,1.31582
244,2019-11-05T22:00:00.000000000Z,10308,1.31552,1.31929,1.31440,1.31818,1.31529,1.31921,1.31417,1.31795,1.31574,1.31937,1.31462,1.31840
245,2019-11-06T22:00:00.000000000Z,12710,1.31832,1.31972,1.31601,1.31738,1.31809,1.31964,1.31593,1.31716,1.31854,1.31981,1.31609,1.31761
246,2019-11-07T22:00:00.000000000Z,10857,1.31734,1.32369,1.31724,1.32274,1.31712,1.32361,1.31706,1.32237,1.31757,1.32378,1.31733,1.32312
247,2019-11-10T22:00:00.000000000Z,6704,1.32222,1.32350,1.32126,1.32326,1.32192,1.32343,1.32119,1.32304,1.32252,1.32358,1.32134,1.32349
248,2019-11-11T22:00:00.000000000Z,10711,1.32320,1.32576,1.32166,1.32342,1.32297,1.32569,1.32159,1.32319,1.32342,1.32584,1.32174,1.32364
249,2019-11-12T22:00:00.000000000Z,10495,1.32336,1.32682,1.32318,1.32518,1.32314,1.32672,1.32301,1.32495,1.32359,1.32691,1.32328,1.32540
250,2019-11-13T22:00:00.000000000Z,10438,1.32540,1.32706,1.32441,1.32484,1.32518,1.32698,1.32433,1.32461,1.32563,1.32714,1.32449,1.32506
251,2019-11-14T22:00:00.000000000Z,9046,1.32488,1.32519,1.32167,1.32224,1.32465,1.32510,1.32157,1.32179,1.32510,1.32529,1.32177,1.32270
252,2019-11-17T22:00:00.000000000Z,8211,1.32250,1.32355,1.32003,1.32050,1.32222,1.32347,1.31994,1.32028,1.32278,1.32363,1.32011,1.32073
253,2019-11-18T22:00:00.000000000Z,12304,1.32066,1.32726,1.31906,1.32672,1.32043,1.32719,1.31884,1.32649,1.32088,1.32733,1.31919,1.32694
254,2019-11-19T22:00:00.000000000Z,12001,1.32676,1.33279,1.32624,1.33040,1.32653,1.33271,1.32602,1.33018,1.32698,1.33287,1.32647,1.33063
255,2019-11-20T22:00:00.000000000Z,14402,1.33032,1.33250,1.32699,1.32838,1.33010,1.33241,1.32689,1.32816,1.33055,1.33258,1.32707,1.32861
256,2019-11-21T22:00:00.000000000Z,11612,1.32834,1.33019,1.32544,1.33012,1.32811,1.33006,1.32535,1.32965,1.32856,1.33060,1.32553,1.33060
257,2019-11-24T22:00:00.000000000Z,9361,1.32992,1.33190,1.32852,1.32992,1.32952,1.33179,1.32843,1.32970,1.33033,1.33200,1.32859,1.33015
258,2019-11-25T22:00:00.000000000Z,10822,1.33026,1.33162,1.32696,1.32718,1.33003,1.33153,1.32683,1.32695,1.33048,1.33170,1.32704,1.32740
259,2019-11-26T22:00:00.000000000Z,9515,1.32712,1.32898,1.32603,1.32818,1.32690,1.32889,1.32594,1.32795,1.32735,1.32906,1.32611,1.32840
260,2019-11-27T22:00:00.000000000Z,5298,1.32824,1.32996,1.32772,1.32810,1.32802,1.32987,1.32749,1.32787,1.32847,1.33004,1.32794,1.32832
261,2019-11-28T22:00:00.000000000Z,10286,1.32806,1.33138,1.32725,1.32782,1.32783,1.33130,1.32700,1.32732,1.32828,1.33145,1.32736,1.32832
262,2019-12-01T22:00:00.000000000Z,10111,1.32742,1.33092,1.32738,1.33088,1.32700,1.33071,1.32700,1.33065,1.32783,1.33114,1.32760,1.33110
263,2019-12-02T22:00:00.000000000Z,10005,1.33018,1.33208,1.32833,1.32944,1.32996,1.33200,1.32822,1.32922,1.33041,1.33217,1.32843,1.32967
264,2019-12-03T22:00:00.000000000Z,13181,1.32948,1.32978,1.31925,1.32012,1.32926,1.32970,1.31917,1.31989,1.32971,1.32988,1.31933,1.32034
265,2019-12-04T22:00:00.000000000Z,10214,1.32016,1.32034,1.31588,1.31752,1.31994,1.32012,1.31579,1.31730,1.32039,1.32057,1.31596,1.31775
266,2019-12-05T22:00:00.000000000Z,10403,1.31786,1.32701,1.31717,1.32545,1.31764,1.32694,1.31709,1.32495,1.31809,1.32708,1.31725,1.32595
267,2019-12-08T22:00:00.000000000Z,7067,1.32545,1.32650,1.32228,1.32380,1.32495,1.32643,1.32219,1.32358,1.32595,1.32659,1.32235,1.32403
268,2019-12-09T22:00:00.000000000Z,8918,1.32358,1.32498,1.32248,1.32300,1.32335,1.32490,1.32239,1.32278,1.32380,1.32506,1.32256,1.32323
269,2019-12-10T22:00:00.000000000Z,9574,1.32312,1.32398,1.31624,1.31724,1.32289,1.32389,1.31615,1.31701,1.32334,1.32406,1.31633,1.31746
270,2019-12-11T22:00:00.000000000Z,12993,1.31732,1.31942,1.31626,1.31827,1.31709,1.31934,1.31617,1.31777,1.31754,1.31951,1.31635,1.31877
271,2019-12-12T22:00:00.000000000Z,18766,1.31847,1.32050,1.31511,1.31669,1.31797,1.32041,1.31501,1.31619,1.31897,1.32058,1.31519,1.31719
272,2019-12-15T22:00:00.000000000Z,11844,1.31764,1.31863,1.31152,1.31592,1.31718,1.31853,1.31144,1.31569,1.31810,1.31873,1.31159,1.31614
273,2019-12-16T22:00:00.000000000Z,10996,1.31576,1.31851,1.31457,1.31604,1.31554,1.31843,1.31450,1.31582,1.31599,1.31859,1.31464,1.31627
274,2019-12-17T22:00:00.000000000Z,10068,1.31600,1.31760,1.31027,1.31148,1.31578,1.31752,1.31019,1.31126,1.31623,1.31767,1.31035,1.31171
275,2019-12-18T22:00:00.000000000Z,8506,1.31144,1.31382,1.31080,1.31246,1.31122,1.31374,1.31061,1.31224,1.31167,1.31389,1.31099,1.31269
276,2019-12-19T22:00:00.000000000Z,10383,1.31242,1.31814,1.31228,1.31511,1.31220,1.31804,1.31205,1.31461,1.31265,1.31832,1.31245,1.31561
277,2019-12-22T22:00:00.000000000Z,8368,1.31487,1.31768,1.31405,1.31484,1.31456,1.31760,1.31390,1.31461,1.31518,1.31777,1.31418,1.31506
278,2019-12-23T22:00:00.000000000Z,5915,1.31478,1.31686,1.31406,1.31660,1.31455,1.31674,1.31384,1.31637,1.31500,1.31706,1.31429,1.31682
279,2019-12-25T22:00:00.000000000Z,4335,1.31646,1.31648,1.31040,1.31132,1.31623,1.31625,1.31030,1.31109,1.31668,1.31670,1.31049,1.31154
280,2019-12-26T22:00:00.000000000Z,10136,1.31148,1.31208,1.30645,1.30823,1.31126,1.31197,1.30637,1.30773,1.31171,1.31220,1.30653,1.30873
281,2019-12-29T22:00:00.000000000Z,11569,1.30756,1.30848,1.30507,1.30694,1.30706,1.30839,1.30499,1.30671,1.30806,1.30856,1.30515,1.30716
282,2019-12-30T22:00:00.000000000Z,13346,1.30662,1.30696,1.29517,1.29904,1.30640,1.30674,1.29508,1.29882,1.30685,1.30719,1.29526,1.29927
283,2020-01-01T22:00:00.000000000Z,12878,1.29908,1.30083,1.29690,1.29858,1.29886,1.30075,1.29682,1.29835,1.29931,1.30091,1.29697,1.29880
284,2020-01-02T22:00:00.000000000Z,16769,1.29854,1.30080,1.29612,1.30024,1.29831,1.30064,1.29604,1.29974,1.29876,1.30100,1.29621,1.30074
285,2020-01-05T22:00:00.000000000Z,11094,1.29880,1.29904,1.29604,1.29650,1.29852,1.29894,1.29595,1.29627,1.29907,1.29918,1.29612,1.29672
286,2020-01-06T22:00:00.000000000Z,12736,1.29664,1.30296,1.29572,1.30040,1.29642,1.30288,1.29564,1.30018,1.29687,1.30305,1.29579,1.30063
287,2020-01-07T22:00:00.000000000Z,18329,1.30036,1.30436,1.29764,1.30384,1.30014,1.30429,1.29756,1.30362,1.30059,1.30443,1.29772,1.30407
288,2020-01-08T22:00:00.000000000Z,13297,1.30380,1.31048,1.30263,1.30552,1.30358,1.31040,1.30255,1.30530,1.30403,1.31057,1.30271,1.30575
289,2020-01-09T22:00:00.000000000Z,14166,1.30568,1.30757,1.30293,1.30519,1.30546,1.30749,1.30283,1.30486,1.30591,1.30765,1.30303,1.30552
290,2020-01-12T22:00:00.000000000Z,10709,1.30618,1.30678,1.30316,1.30560,1.30595,1.30669,1.30306,1.30538,1.30640,1.30686,1.30326,1.30583
291,2020-01-13T22:00:00.000000000Z,11291,1.30566,1.30794,1.30470,1.30622,1.30543,1.30786,1.30463,1.30599,1.30588,1.30803,1.30477,1.30644
292,2020-01-14T22:00:00.000000000Z,10819,1.30630,1.30782,1.30352,1.30422,1.30607,1.30775,1.30344,1.30400,1.30652,1.30790,1.30359,1.30445
293,2020-01-15T22:00:00.000000000Z,9230,1.30428,1.30562,1.30326,1.30418,1.30405,1.30555,1.30318,1.30395,1.30450,1.30572,1.30334,1.30440
294,2020-01-16T22:00:00.000000000Z,10161,1.30408,1.30752,1.30338,1.30666,1.30386,1.30744,1.30330,1.30648,1.30431,1.30760,1.30346,1.30683
295,2020-01-19T22:00:00.000000000Z,5384,1.30606,1.30724,1.30442,1.30478,1.30572,1.30717,1.30427,1.30456,1.30639,1.30732,1.30449,1.30501
296,2020-01-20T22:00:00.000000000Z,10047,1.30484,1.30800,1.30449,1.30710,1.30462,1.30792,1.30432,1.30688,1.30507,1.30808,1.30459,1.30733
297,2020-01-21T22:00:00.000000000Z,18582,1.30718,1.31528,1.30364,1.31352,1.30695,1.31520,1.30351,1.31329,1.30740,1.31536,1.30372,1.31374
298,2020-01-22T22:00:00.000000000Z,13546,1.31358,1.31716,1.31242,1.31274,1.31336,1.31708,1.31235,1.31252,1.31381,1.31723,1.31250,1.31297
299,2020-01-23T22:00:00.000000000Z,12244,1.31284,1.31530,1.31184,1.31458,1.31261,1.31522,1.31162,1.31408,1.31306,1.31537,1.31204,1.31508
300,2020-01-26T22:00:00.000000000Z,14754,1.31540,1.31998,1.31482,1.31940,1.31494,1.31989,1.31470,1.31918,1.31585,1.32007,1.31492,1.31963
301,2020-01-27T22:00:00.000000000Z,11328,1.31936,1.32058,1.31548,1.31560,1.31913,1.32050,1.31526,1.31538,1.31958,1.32065,1.31562,1.31583
302,2020-01-28T22:00:00.000000000Z,10418,1.31566,1.32098,1.31558,1.31982,1.31544,1.32090,1.31536,1.31959,1.31589,1.32106,1.31581,1.32004
303,2020-01-29T22:00:00.000000000Z,13817,1.31986,1.32268,1.31906,1.32086,1.31963,1.32260,1.31898,1.32063,1.32008,1.32276,1.31913,1.32108
304,2020-01-30T22:00:00.000000000Z,17609,1.32064,1.32534,1.31954,1.32366,1.32042,1.32526,1.31944,1.32348,1.32087,1.32542,1.31963,1.32383
305,2020-02-02T22:00:00.000000000Z,15034,1.32398,1.33038,1.32318,1.32862,1.32351,1.33031,1.32311,1.32840,1.32445,1.33046,1.32326,1.32885
306,2020-02-03T22:00:00.000000000Z,12943,1.32884,1.33019,1.32640,1.32772,1.32862,1.33009,1.32630,1.32749,1.32907,1.33029,1.32648,1.32794
307,2020-02-04T22:00:00.000000000Z,15860,1.32766,1.33030,1.32630,1.32816,1.32744,1.33022,1.32621,1.32793,1.32789,1.33038,1.32638,1.32838
308,2020-02-05T22:00:00.000000000Z,11856,1.32828,1.33092,1.32704,1.32844,1.32806,1.33084,1.32695,1.32821,1.32851,1.33100,1.32712,1.32866
309,2020-02-06T22:00:00.000000000Z,14594,1.32854,1.33210,1.32782,1.33060,1.32832,1.33200,1.32771,1.33036,1.32877,1.33219,1.32793,1.33085
310,2020-02-09T22:00:00.000000000Z,12393,1.33056,1.33294,1.32884,1.33176,1.33007,1.33286,1.32876,1.33154,1.33105,1.33302,1.32893,1.33199
311,2020-02-10T22:00:00.000000000Z,10720,1.33168,1.33202,1.32766,1.32870,1.33146,1.33193,1.32758,1.32847,1.33191,1.33215,1.32773,1.32892
312,2020-02-11T22:00:00.000000000Z,10658,1.32874,1.32959,1.32360,1.32500,1.32851,1.32950,1.32351,1.32478,1.32896,1.32968,1.32369,1.32523
313,2020-02-12T22:00:00.000000000Z,13555,1.32520,1.32712,1.32404,1.32678,1.32497,1.32704,1.32396,1.32656,1.32542,1.32721,1.32412,1.32701
314,2020-02-13T22:00:00.000000000Z,9234,1.32672,1.32692,1.32359,1.32518,1.32650,1.32683,1.32351,1.32468,1.32695,1.32707,1.32367,1.32568
315,2020-02-16T22:00:00.000000000Z,4875,1.32529,1.32541,1.32254,1.32352,1.32479,1.32496,1.32245,1.32330,1.32579,1.32591,1.32263,1.32375
316,2020-02-17T22:00:00.000000000Z,11021,1.32358,1.32785,1.32322,1.32598,1.32335,1.32777,1.32300,1.32575,1.32380,1.32793,1.32345,1.32620
317,2020-02-18T22:00:00.000000000Z,11794,1.32592,1.32628,1.32154,1.32202,1.32570,1.32606,1.32148,1.32179,1.32615,1.32651,1.32161,1.32224
318,2020-02-19T22:00:00.000000000Z,14177,1.32198,1.32690,1.32120,1.32594,1.32175,1.32682,1.32111,1.32572,1.32220,1.32698,1.32130,1.32617
319,2020-02-20T22:00:00.000000000Z,15689,1.32588,1.32686,1.32024,1.32250,1.32565,1.32678,1.32015,1.32200,1.32610,1.32695,1.32032,1.32300
320,2020-02-23T22:00:00.000000000Z,18102,1.32526,1.33078,1.32452,1.32924,1.32507,1.33070,1.32411,1.32901,1.32546,1.33085,1.32478,1.32946
321,2020-02-24T22:00:00.000000000Z,19282,1.32920,1.33058,1.32676,1.32796,1.32897,1.33050,1.32668,1.32773,1.32942,1.33066,1.32685,1.32818
322,2020-02-25T22:00:00.000000000Z,22084,1.32784,1.33352,1.32717,1.33334,1.32761,1.33330,1.32709,1.33311,1.32806,1.33375,1.32724,1.33356
323,2020-02-26T22:00:00.000000000Z,27582,1.33330,1.33946,1.33167,1.33918,1.33307,1.33924,1.33160,1.33895,1.33352,1.33969,1.33174,1.33940
324,2020-02-27T22:00:00.000000000Z,43444,1.33908,1.34647,1.33781,1.33968,1.33886,1.34639,1.33764,1.33918,1.33931,1.34655,1.33791,1.34018
325,2020-03-01T22:00:00.000000000Z,42078,1.34386,1.34410,1.33152,1.33244,1.34336,1.34365,1.33142,1.33221,1.34436,1.34460,1.33161,1.33266
326,2020-03-02T22:00:00.000000000Z,42800,1.33234,1.33910,1.33192,1.33860,1.33211,1.33901,1.33170,1.33838,1.33256,1.33921,1.33207,1.33883
327,2020-03-03T22:00:00.000000000Z,30067,1.33834,1.34316,1.33304,1.33854,1.33812,1.34307,1.33265,1.33832,1.33857,1.34325,1.33314,1.33877
328,2020-03-04T22:00:00.000000000Z,22540,1.33858,1.34386,1.33831,1.34110,1.33836,1.34378,1.33822,1.34088,1.33881,1.34394,1.33840,1.34133
329,2020-03-05T22:00:00.000000000Z,36029,1.34100,1.34396,1.33796,1.34236,1.34078,1.34386,1.33784,1.34186,1.34123,1.34405,1.33808,1.34286
330,2020-03-08T21:00:00.000000000Z,85243,1.35495,1.37609,1.35180,1.37028,1.35445,1.37559,1.35169,1.37006,1.35545,1.37659,1.35192,1.37051
331,2020-03-09T21:00:00.000000000Z,60888,1.37028,1.37962,1.36095,1.37264,1.37006,1.37954,1.36080,1.37241,1.37051,1.37970,1.36106,1.37286
332,2020-03-10T21:00:00.000000000Z,47244,1.37264,1.37952,1.36818,1.37788,1.37241,1.37938,1.36806,1.37766,1.37286,1.37974,1.36825,1.37811
333,2020-03-11T21:00:00.000000000Z,75425,1.37788,1.39615,1.37082,1.39250,1.37766,1.39599,1.37062,1.39227,1.37811,1.39639,1.37100,1.39272
334,2020-03-12T21:00:00.000000000Z,85707,1.39250,1.39955,1.37824,1.38050,1.39227,1.39942,1.37810,1.38000,1.39272,1.39969,1.37838,1.38100
335,2020-03-15T21:00:00.000000000Z,107831,1.38916,1.40184,1.37323,1.40156,1.38866,1.40157,1.37273,1.40133,1.38966,1.40228,1.37373,1.40178
336,2020-03-16T21:00:00.000000000Z,84502,1.40156,1.42770,1.39610,1.42016,1.40133,1.42754,1.39595,1.41994,1.40178,1.42790,1.39623,1.42039
337,2020-03-17T21:00:00.000000000Z,105846,1.42016,1.46526,1.41672,1.45080,1.41994,1.46496,1.41658,1.45057,1.42039,1.46557,1.41686,1.45102
338,2020-03-18T21:00:00.000000000Z,103308,1.45096,1.46685,1.44210,1.45138,1.45074,1.46666,1.44192,1.45115,1.45119,1.46706,1.44227,1.45160
339,2020-03-19T21:00:00.000000000Z,92448,1.45132,1.45368,1.41494,1.43481,1.45109,1.45338,1.41477,1.43431,1.45154,1.45398,1.41512,1.43531
340,2020-03-22T21:00:00.000000000Z,121279,1.43621,1.45602,1.43366,1.44928,1.43571,1.45585,1.43343,1.44906,1.43671,1.45620,1.43385,1.44951
341,2020-03-23T21:00:00.000000000Z,73905,1.44928,1.45319,1.43750,1.44632,1.44906,1.45306,1.43734,1.44609,1.44951,1.45332,1.43761,1.44654
342,2020-03-24T21:00:00.000000000Z,84053,1.44632,1.44834,1.41782,1.41914,1.44609,1.44811,1.41765,1.41891,1.44654,1.44856,1.41798,1.41936
343,2020-03-25T21:00:00.000000000Z,75126,1.41914,1.42763,1.40104,1.40196,1.41891,1.42747,1.40093,1.40173,1.41936,1.42779,1.40115,1.40218
344,2020-03-26T21:00:00.000000000Z,82409,1.40196,1.41552,1.39216,1.39885,1.40173,1.41532,1.39198,1.39835,1.40218,1.41572,1.39231,1.39935
345,2020-03-29T21:00:00.000000000Z,67237,1.40174,1.41840,1.40120,1.41638,1.40124,1.41829,1.40093,1.41615,1.40224,1.41856,1.40136,1.41660
346,2020-03-30T21:00:00.000000000Z,91202,1.41638,1.43494,1.40120,1.40610,1.41615,1.43482,1.40101,1.40587,1.41660,1.43507,1.40140,1.40632
347,2020-03-31T21:00:00.000000000Z,74905,1.40610,1.42722,1.40608,1.41908,1.40587,1.42709,1.40586,1.41886,1.40632,1.42736,1.40631,1.41931
348,2020-04-01T21:00:00.000000000Z,79286,1.41908,1.42990,1.40794,1.41394,1.41886,1.42975,1.40772,1.41372,1.41931,1.43005,1.40817,1.41417
349,2020-04-02T21:00:00.000000000Z,66512,1.41400,1.42246,1.40946,1.42042,1.41377,1.42233,1.40930,1.41992,1.41422,1.42263,1.40962,1.42092
350,2020-04-05T21:00:00.000000000Z,59521,1.42266,1.42619,1.40822,1.41114,1.42216,1.42606,1.40772,1.41092,1.42316,1.42634,1.40848,1.41137
351,2020-04-06T21:00:00.000000000Z,63190,1.41114,1.41432,1.39450,1.39936,1.41092,1.41415,1.39437,1.39913,1.41137,1.41450,1.39464,1.39958
352,2020-04-07T21:00:00.000000000Z,52805,1.39936,1.40822,1.39886,1.40130,1.39913,1.40807,1.39863,1.40107,1.39958,1.40837,1.39908,1.40152
353,2020-04-08T21:00:00.000000000Z,69906,1.40130,1.40776,1.39315,1.39758,1.40107,1.40765,1.39301,1.39735,1.40152,1.40788,1.39327,1.39780
354,2020-04-09T21:00:00.000000000Z,7163,1.39758,1.40087,1.39464,1.39565,1.39735,1.40067,1.39432,1.39515,1.39780,1.40109,1.39486,1.39615
355,2020-04-12T21:00:00.000000000Z,38945,1.39280,1.40021,1.38560,1.39040,1.39235,1.39992,1.38548,1.39017,1.39326,1.40054,1.38571,1.39062
356,2020-04-13T21:00:00.000000000Z,38847,1.39040,1.39251,1.38628,1.38824,1.39017,1.39240,1.38617,1.38801,1.39062,1.39262,1.38639,1.38846
357,2020-04-14T21:00:00.000000000Z,50465,1.38824,1.41324,1.38767,1.41140,1.38801,1.41312,1.38754,1.41117,1.38846,1.41336,1.38779,1.41162
358,2020-04-15T21:00:00.000000000Z,48975,1.41140,1.41824,1.40632,1.40858,1.41117,1.41814,1.40621,1.40836,1.41162,1.41835,1.40643,1.40881
359,2020-04-16T21:00:00.000000000Z,47809,1.40858,1.41182,1.39997,1.40029,1.40836,1.41169,1.39947,1.39979,1.40881,1.41195,1.40045,1.40079
360,2020-04-19T21:00:00.000000000Z,47083,1.40166,1.41514,1.40166,1.41496,1.40116,1.41492,1.40116,1.41474,1.40216,1.41537,1.40207,1.41519
361,2020-04-20T21:00:00.000000000Z,84192,1.41492,1.42652,1.41140,1.42090,1.41469,1.42640,1.41123,1.42068,1.41514,1.42665,1.41156,1.42113
362,2020-04-21T21:00:00.000000000Z,53756,1.42114,1.42380,1.41152,1.41602,1.42092,1.42369,1.41140,1.41580,1.42137,1.42391,1.41164,1.41625
363,2020-04-22T21:00:00.000000000Z,50164,1.41616,1.41985,1.40006,1.40736,1.41593,1.41969,1.39990,1.40714,1.41638,1.42001,1.40019,1.40759
364,2020-04-23T21:00:00.000000000Z,38522,1.40748,1.41204,1.40240,1.40996,1.40726,1.41191,1.40230,1.40946,1.40771,1.41217,1.40250,1.41046
365,2020-04-26T21:00:00.000000000Z,35049,1.40976,1.41174,1.40294,1.40352,1.40926,1.41158,1.40282,1.40329,1.41026,1.41190,1.40303,1.40374
366,2020-04-27T21:00:00.000000000Z,38305,1.40332,1.40731,1.39362,1.39988,1.40310,1.40717,1.39350,1.39965,1.40355,1.40745,1.39372,1.40010
367,2020-04-28T21:00:00.000000000Z,32631,1.39992,1.40032,1.38766,1.38782,1.39970,1.40012,1.38743,1.38759,1.40015,1.40053,1.38788,1.38804
368,2020-04-29T21:00:00.000000000Z,42142,1.38794,1.39591,1.38502,1.39460,1.38772,1.39579,1.38492,1.39438,1.38817,1.39603,1.38513,1.39483
369,2020-04-30T21:00:00.000000000Z,35123,1.39410,1.41094,1.39326,1.40896,1.39387,1.41083,1.39304,1.40857,1.39432,1.41109,1.39349,1.40935
370,2020-05-03T21:00:00.000000000Z,33553,1.40849,1.41526,1.40515,1.40876,1.40807,1.41513,1.40505,1.40853,1.40891,1.41541,1.40524,1.40898
371,2020-05-04T21:00:00.000000000Z,31124,1.40890,1.40950,1.40084,1.40460,1.40867,1.40938,1.40069,1.40437,1.40912,1.40993,1.40095,1.40482
372,2020-05-05T21:00:00.000000000Z,33106,1.40506,1.41571,1.40232,1.41454,1.40483,1.41561,1.40221,1.41432,1.40528,1.41581,1.40244,1.41477
373,2020-05-06T21:00:00.000000000Z,34010,1.41466,1.41734,1.39532,1.39742,1.41444,1.41720,1.39523,1.39719,1.41489,1.41748,1.39542,1.39764
374,2020-05-07T21:00:00.000000000Z,25792,1.39746,1.39912,1.39088,1.39269,1.39723,1.39889,1.39078,1.39224,1.39768,1.39934,1.39097,1.39314
375,2020-05-10T21:00:00.000000000Z,32985,1.39378,1.40426,1.39002,1.40098,1.39328,1.40416,1.38991,1.40076,1.39428,1.40436,1.39012,1.40121
376,2020-05-11T21:00:00.000000000Z,30810,1.40108,1.40798,1.39726,1.40782,1.40085,1.40787,1.39717,1.40760,1.40130,1.40820,1.39735,1.40805
377,2020-05-12T21:00:00.000000000Z,41158,1.40790,1.41150,1.40066,1.41016,1.40768,1.41140,1.40057,1.40993,1.40813,1.41160,1.40074,1.41038
378,2020-05-13T21:00:00.000000000Z,37620,1.40996,1.41410,1.40323,1.40484,1.40974,1.41400,1.40313,1.40462,1.41019,1.41419,1.40333,1.40507
379,2020-05-14T21:00:00.000000000Z,35625,1.40492,1.41172,1.40185,1.41092,1.40469,1.41162,1.40177,1.41044,1.40514,1.41181,1.40193,1.41141
380,2020-05-17T21:00:00.000000000Z,25548,1.40950,1.41171,1.39380,1.39392,1.40900,1.41124,1.39357,1.39369,1.41000,1.41218,1.39402,1.39414
381,2020-05-18T21:00:00.000000000Z,32500,1.39402,1.39696,1.38668,1.39430,1.39379,1.39684,1.38657,1.39408,1.39424,1.39707,1.38676,1.39453
382,2020-05-19T21:00:00.000000000Z,28054,1.39438,1.39609,1.38682,1.38990,1.39416,1.39596,1.38673,1.38967,1.39461,1.39622,1.38690,1.39012
383,2020-05-20T21:00:00.000000000Z,30129,1.39008,1.39704,1.38913,1.39536,1.38986,1.39694,1.38900,1.39513,1.39031,1.39716,1.38926,1.39558
384,2020-05-21T21:00:00.000000000Z,29959,1.39562,1.40488,1.39414,1.39999,1.39540,1.40477,1.39404,1.39949,1.39585,1.40499,1.39423,1.40049
385,2020-05-24T21:00:00.000000000Z,21067,1.39898,1.40077,1.39685,1.39836,1.39848,1.40068,1.39673,1.39813,1.39948,1.40089,1.39697,1.39858
386,2020-05-25T21:00:00.000000000Z,31442,1.39818,1.39860,1.37572,1.37758,1.39796,1.39839,1.37560,1.37735,1.39841,1.39883,1.37583,1.37780
387,2020-05-26T21:00:00.000000000Z,39825,1.37768,1.38228,1.37280,1.37512,1.37745,1.38219,1.37270,1.37489,1.37790,1.38238,1.37289,1.37534
388,2020-05-27T21:00:00.000000000Z,39625,1.37518,1.37901,1.37344,1.37650,1.37496,1.37891,1.37334,1.37628,1.37541,1.37911,1.37353,1.37673
389,2020-05-28T21:00:00.000000000Z,49203,1.37654,1.38326,1.37147,1.37708,1.37632,1.38318,1.37138,1.37658,1.37677,1.38339,1.37154,1.37758
390,2020-05-31T21:00:00.000000000Z,38503,1.37708,1.38012,1.35586,1.35738,1.37658,1.37990,1.35577,1.35715,1.37758,1.38041,1.35595,1.35760
391,2020-06-01T21:00:00.000000000Z,36111,1.35762,1.35854,1.34844,1.35202,1.35740,1.35844,1.34834,1.35180,1.35785,1.35865,1.34854,1.35225
392,2020-06-02T21:00:00.000000000Z,45416,1.35174,1.35726,1.34804,1.34954,1.35152,1.35715,1.34790,1.34932,1.35197,1.35740,1.34814,1.34977
393,2020-06-03T21:00:00.000000000Z,41475,1.34968,1.35409,1.34678,1.34994,1.34946,1.35395,1.34668,1.34971,1.34991,1.35423,1.34687,1.35016
394,2020-06-04T21:00:00.000000000Z,44731,1.35014,1.35132,1.33918,1.34212,1.34991,1.35123,1.33902,1.34185,1.35036,1.35143,1.33929,1.34240
395,2020-06-07T21:00:00.000000000Z,32517,1.34141,1.34370,1.33570,1.33824,1.34091,1.34361,1.33561,1.33802,1.34191,1.34379,1.33578,1.33847
396,2020-06-08T21:00:00.000000000Z,38094,1.33796,1.34880,1.33598,1.34158,1.33773,1.34871,1.33587,1.34136,1.33818,1.34889,1.33609,1.34181
397,2020-06-09T21:00:00.000000000Z,51684,1.34176,1.34378,1.33158,1.34110,1.34153,1.34367,1.33145,1.34087,1.34198,1.34391,1.33170,1.34132
398,2020-06-10T21:00:00.000000000Z,67206,1.34120,1.36324,1.33984,1.36296,1.34097,1.36311,1.33962,1.36273,1.34142,1.36336,1.34007,1.36318
399,2020-06-11T21:00:00.000000000Z,75066,1.36274,1.36664,1.35272,1.35874,1.36251,1.36654,1.35263,1.35834,1.36296,1.36677,1.35281,1.35913
400,2020-06-14T21:00:00.000000000Z,66679,1.36069,1.36864,1.35465,1.35734,1.36019,1.36853,1.35455,1.35711,1.36119,1.36875,1.35475,1.35756
401,2020-06-15T21:00:00.000000000Z,63652,1.35686,1.36233,1.35048,1.35406,1.35664,1.36222,1.35040,1.35384,1.35709,1.36245,1.35057,1.35429
402,2020-06-16T21:00:00.000000000Z,48192,1.35428,1.35948,1.35122,1.35640,1.35406,1.35938,1.35112,1.35618,1.35451,1.35958,1.35133,1.35663
403,2020-06-17T21:00:00.000000000Z,45287,1.35680,1.36165,1.35216,1.35996,1.35657,1.36156,1.35203,1.35974,1.35702,1.36174,1.35230,1.36019
404,2020-06-18T21:00:00.000000000Z,39747,1.36016,1.36182,1.35472,1.36070,1.35993,1.36171,1.35461,1.36020,1.36038,1.36192,1.35483,1.36120
405,2020-06-21T21:00:00.000000000Z,32297,1.36138,1.36307,1.35186,1.35228,1.36088,1.36295,1.35176,1.35206,1.36188,1.36319,1.35197,1.35251
406,2020-06-22T21:00:00.000000000Z,41803,1.35224,1.35711,1.34861,1.35498,1.35202,1.35700,1.34850,1.35476,1.35247,1.35722,1.34872,1.35521
407,2020-06-23T21:00:00.000000000Z,42707,1.35456,1.36408,1.35282,1.36372,1.35433,1.36397,1.35270,1.36349,1.35478,1.36419,1.35294,1.36394
408,2020-06-24T21:00:00.000000000Z,38181,1.36378,1.36702,1.36078,1.36386,1.36355,1.36694,1.36068,1.36364,1.36400,1.36711,1.36086,1.36409
409,2020-06-25T21:00:00.000000000Z,30486,1.36360,1.37158,1.36282,1.36888,1.36337,1.37148,1.36273,1.36842,1.36382,1.37169,1.36291,1.36935
410,2020-06-28T21:00:00.000000000Z,32497,1.36783,1.37054,1.36476,1.36608,1.36733,1.37044,1.36461,1.36585,1.36833,1.37064,1.36490,1.36630
411,2020-06-29T21:00:00.000000000Z,31438,1.36580,1.36998,1.35700,1.35762,1.36557,1.36987,1.35690,1.35739,1.36602,1.37009,1.35711,1.35784
412,2020-06-30T21:00:00.000000000Z,27116,1.35770,1.36020,1.35457,1.35874,1.35748,1.36009,1.35446,1.35852,1.35793,1.36031,1.35468,1.35897
413,2020-07-01T21:00:00.000000000Z,28444,1.35868,1.36242,1.35607,1.35634,1.35846,1.36233,1.35597,1.35611,1.35891,1.36253,1.35617,1.35656
414,2020-07-02T21:00:00.000000000Z,17767,1.35642,1.35820,1.35448,1.35497,1.35619,1.35808,1.35432,1.35447,1.35664,1.35834,1.35464,1.35547
415,2020-07-05T21:00:00.000000000Z,21725,1.35648,1.35648,1.35194,1.35410,1.35598,1.35598,1.35185,1.35388,1.35698,1.35698,1.35203,1.35433
416,2020-07-06T21:00:00.000000000Z,26764,1.35374,1.36102,1.35246,1.36042,1.35351,1.36091,1.35234,1.36020,1.35396,1.36118,1.35255,1.36065
417,2020-07-07T21:00:00.000000000Z,29419,1.36036,1.36242,1.34928,1.35128,1.36013,1.36232,1.34915,1.35106,1.36058,1.36251,1.34939,1.35151
418,2020-07-08T21:00:00.000000000Z,33136,1.35114,1.35948,1.34910,1.35850,1.35091,1.35937,1.34901,1.35828,1.35136,1.35963,1.34919,1.35873
419,2020-07-09T21:00:00.000000000Z,30701,1.35870,1.36318,1.35754,1.35927,1.35848,1.36309,1.35740,1.35883,1.35893,1.36327,1.35768,1.35971
420,2020-07-12T21:00:00.000000000Z,27891,1.35880,1.36122,1.35368,1.36082,1.35830,1.36114,1.35359,1.36060,1.35930,1.36130,1.35376,1.36105
421,2020-07-13T21:00:00.000000000Z,35821,1.36088,1.36464,1.35972,1.36158,1.36066,1.36454,1.35961,1.36136,1.36111,1.36474,1.35982,1.36181
422,2020-07-14T21:00:00.000000000Z,30094,1.36164,1.36196,1.35050,1.35084,1.36141,1.36174,1.35041,1.35061,1.36186,1.36219,1.35058,1.35106
423,2020-07-15T21:00:00.000000000Z,25669,1.35092,1.35817,1.35017,1.35750,1.35069,1.35807,1.35003,1.35728,1.35114,1.35827,1.35030,1.35773
424,2020-07-16T21:00:00.000000000Z,18273,1.35744,1.35890,1.35654,1.35789,1.35721,1.35879,1.35643,1.35739,1.35766,1.35903,1.35662,1.35839
425,2020-07-19T21:00:00.000000000Z,21262,1.35742,1.36004,1.35261,1.35336,1.35692,1.35992,1.35252,1.35313,1.35792,1.36023,1.35269,1.35358
426,2020-07-20T21:00:00.000000000Z,23557,1.35354,1.35366,1.34250,1.34592,1.35331,1.35343,1.34240,1.34569,1.35376,1.35388,1.34260,1.34614
427,2020-07-21T21:00:00.000000000Z,29239,1.34610,1.34832,1.33996,1.34176,1.34588,1.34823,1.33986,1.34154,1.34633,1.34842,1.34006,1.34199
428,2020-07-22T21:00:00.000000000Z,34479,1.34182,1.34276,1.33514,1.34076,1.34160,1.34267,1.33505,1.34054,1.34205,1.34284,1.33523,1.34099
429,2020-07-23T21:00:00.000000000Z,35806,1.34154,1.34455,1.33772,1.34170,1.34132,1.34446,1.33760,1.34120,1.34177,1.34464,1.33784,1.34220
430,2020-07-26T21:00:00.000000000Z,30519,1.34268,1.34312,1.33542,1.33550,1.34218,1.34300,1.33519,1.33527,1.34318,1.34358,1.33552,1.33572
431,2020-07-27T21:00:00.000000000Z,29234,1.33576,1.34074,1.33312,1.33802,1.33554,1.34066,1.33301,1.33779,1.33599,1.34082,1.33322,1.33824
432,2020-07-28T21:00:00.000000000Z,28334,1.33788,1.33871,1.33329,1.33346,1.33766,1.33862,1.33316,1.33324,1.33811,1.33880,1.33339,1.33369
433,2020-07-29T21:00:00.000000000Z,37826,1.33364,1.34598,1.33338,1.34220,1.33341,1.34587,1.33316,1.34198,1.33386,1.34608,1.33353,1.34243
434,2020-07-30T21:00:00.000000000Z,42910,1.34236,1.34362,1.33723,1.34114,1.34213,1.34353,1.33715,1.34085,1.34258,1.34382,1.33731,1.34142
435,2020-08-02T21:00:00.000000000Z,28813,1.34124,1.34514,1.33802,1.33928,1.34074,1.34504,1.33792,1.33906,1.34173,1.34523,1.33811,1.33951
436,2020-08-03T21:00:00.000000000Z,28100,1.33876,1.34206,1.33184,1.33188,1.33854,1.34198,1.33162,1.33166,1.33899,1.34215,1.33199,1.33211
437,2020-08-04T21:00:00.000000000Z,30240,1.33194,1.33304,1.32339,1.32662,1.33172,1.33281,1.32331,1.32639,1.33217,1.33326,1.32347,1.32684
438,2020-08-05T21:00:00.000000000Z,36549,1.32654,1.33230,1.32440,1.33074,1.32632,1.33219,1.32431,1.33051,1.32677,1.33243,1.32448,1.33096
439,2020-08-06T21:00:00.000000000Z,36250,1.33010,1.33986,1.32956,1.33834,1.32987,1.33977,1.32934,1.33794,1.33032,1.33995,1.32979,1.33875
440,2020-08-09T21:00:00.000000000Z,20868,1.33933,1.33950,1.33336,1.33504,1.33883,1.33939,1.33325,1.33481,1.33983,1.34000,1.33347,1.33526
441,2020-08-10T21:00:00.000000000Z,30465,1.33524,1.33612,1.32710,1.32992,1.33502,1.33602,1.32700,1.32969,1.33547,1.33622,1.32721,1.33014
442,2020-08-11T21:00:00.000000000Z,33788,1.33022,1.33474,1.32294,1.32478,1.32999,1.33463,1.32285,1.32456,1.33044,1.33485,1.32302,1.32501
443,2020-08-12T21:00:00.000000000Z,27646,1.32388,1.32598,1.31922,1.32250,1.32366,1.32575,1.31913,1.32228,1.32411,1.32620,1.31930,1.32273
444,2020-08-13T21:00:00.000000000Z,24657,1.32246,1.32718,1.32064,1.32672,1.32223,1.32709,1.32056,1.32633,1.32268,1.32731,1.32072,1.32710
445,2020-08-16T21:00:00.000000000Z,19326,1.32574,1.32632,1.31920,1.32144,1.32524,1.32617,1.31911,1.32122,1.32624,1.32682,1.31930,1.32167
446,2020-08-17T21:00:00.000000000Z,25534,1.32140,1.32318,1.31518,1.31680,1.32117,1.32308,1.31508,1.31657,1.32162,1.32329,1.31528,1.31702
447,2020-08-18T21:00:00.000000000Z,27978,1.31638,1.32272,1.31334,1.32190,1.31615,1.32263,1.31324,1.32168,1.31660,1.32284,1.31343,1.32213
448,2020-08-19T21:00:00.000000000Z,30096,1.32174,1.32450,1.31685,1.31874,1.32151,1.32439,1.31674,1.31852,1.32196,1.32463,1.31695,1.31897
449,2020-08-20T21:00:00.000000000Z,27193,1.31810,1.32344,1.31592,1.31770,1.31788,1.32334,1.31583,1.31727,1.31833,1.32353,1.31600,1.31814
450,2020-08-23T21:00:00.000000000Z,22488,1.31758,1.32382,1.31349,1.32174,1.31708,1.32375,1.31340,1.32151,1.31808,1.32390,1.31358,1.32196
451,2020-08-24T21:00:00.000000000Z,23756,1.32182,1.32394,1.31680,1.31724,1.32159,1.32386,1.31670,1.31701,1.32204,1.32403,1.31688,1.31746
452,2020-08-25T21:00:00.000000000Z,21983,1.31736,1.32059,1.31322,1.31448,1.31713,1.32047,1.31311,1.31425,1.31758,1.32071,1.31329,1.31470
453,2020-08-26T21:00:00.000000000Z,42320,1.31428,1.31666,1.31020,1.31276,1.31405,1.31657,1.31008,1.31254,1.31450,1.31675,1.31029,1.31299
454,2020-08-27T21:00:00.000000000Z,37663,1.31270,1.31330,1.30474,1.30982,1.31248,1.31321,1.30465,1.30949,1.31293,1.31339,1.30482,1.31015
455,2020-08-30T21:00:00.000000000Z,31223,1.30945,1.31046,1.30206,1.30478,1.30895,1.31038,1.30195,1.30456,1.30995,1.31055,1.30216,1.30501
456,2020-08-31T21:00:00.000000000Z,36283,1.30434,1.30869,1.29942,1.30666,1.30411,1.30860,1.29934,1.30644,1.30456,1.30878,1.29950,1.30689
457,2020-09-01T21:00:00.000000000Z,32570,1.30640,1.30956,1.30376,1.30468,1.30618,1.30948,1.30364,1.30445,1.30663,1.30964,1.30384,1.30490
458,2020-09-02T21:00:00.000000000Z,43830,1.30436,1.31618,1.30380,1.31264,1.30413,1.31609,1.30358,1.31242,1.30458,1.31634,1.30403,1.31287
459,2020-09-03T21:00:00.000000000Z,46708,1.31282,1.31406,1.30448,1.30628,1.31259,1.31396,1.30437,1.30596,1.31304,1.31415,1.30456,1.30660
460,2020-09-06T21:00:00.000000000Z,18756,1.30545,1.31162,1.30491,1.30992,1.30495,1.31153,1.30441,1.30970,1.30595,1.31170,1.30541,1.31015
461,2020-09-07T21:00:00.000000000Z,38034,1.31022,1.32388,1.30868,1.32372,1.30999,1.32365,1.30856,1.32349,1.31044,1.32410,1.30880,1.32394
462,2020-09-08T21:00:00.000000000Z,34436,1.32354,1.32598,1.31454,1.31454,1.32331,1.32589,1.31431,1.31431,1.32376,1.32606,1.31473,1.31476
463,2020-09-09T21:00:00.000000000Z,38355,1.31464,1.32024,1.31190,1.31930,1.31442,1.32016,1.31181,1.31907,1.31487,1.32035,1.31198,1.31952
464,2020-09-10T21:00:00.000000000Z,27757,1.31958,1.32078,1.31512,1.31776,1.31936,1.32068,1.31503,1.31751,1.31981,1.32089,1.31520,1.31800
465,2020-09-13T21:00:00.000000000Z,22825,1.31828,1.31970,1.31534,1.31754,1.31778,1.31962,1.31525,1.31731,1.31878,1.31978,1.31542,1.31776
466,2020-09-14T21:00:00.000000000Z,23331,1.31764,1.32024,1.31348,1.31864,1.31741,1.32016,1.31340,1.31842,1.31786,1.32032,1.31357,1.31887
467,2020-09-15T21:00:00.000000000Z,37146,1.31880,1.32004,1.31280,1.31786,1.31857,1.31996,1.31267,1.31763,1.31902,1.32015,1.31291,1.31808
468,2020-09-16T21:00:00.000000000Z,37481,1.31792,1.32471,1.31502,1.31658,1.31769,1.32462,1.31493,1.31636,1.31814,1.32480,1.31512,1.31681
469,2020-09-17T21:00:00.000000000Z,29951,1.31654,1.32090,1.31374,1.32054,1.31631,1.32080,1.31364,1.32015,1.31676,1.32116,1.31383,1.32092
470,2020-09-20T21:00:00.000000000Z,39453,1.32007,1.33204,1.31713,1.33054,1.31957,1.33195,1.31704,1.33032,1.32057,1.33213,1.31722,1.33077
471,2020-09-21T21:00:00.000000000Z,37464,1.33058,1.33460,1.32836,1.33030,1.33036,1.33451,1.32826,1.33008,1.33081,1.33468,1.32846,1.33053
472,2020-09-22T21:00:00.000000000Z,36122,1.33010,1.33860,1.32942,1.33860,1.32988,1.33845,1.32932,1.33837,1.33033,1.33882,1.32953,1.33882
473,2020-09-23T21:00:00.000000000Z,41233,1.33852,1.34182,1.33250,1.33624,1.33830,1.34173,1.33239,1.33602,1.33875,1.34190,1.33262,1.33647
474,2020-09-24T21:00:00.000000000Z,31539,1.33592,1.34182,1.33320,1.33868,1.33570,1.34174,1.33298,1.33818,1.33615,1.34191,1.33343,1.33918
475,2020-09-27T21:00:00.000000000Z,25807,1.33852,1.34038,1.33548,1.33714,1.33802,1.34028,1.33538,1.33692,1.33902,1.34047,1.33557,1.33737
476,2020-09-28T21:00:00.000000000Z,25391,1.33710,1.34187,1.33522,1.33900,1.33688,1.34179,1.33515,1.33877,1.33733,1.34196,1.33530,1.33922
477,2020-09-29T21:00:00.000000000Z,39818,1.33894,1.34204,1.33020,1.33226,1.33871,1.34196,1.33011,1.33204,1.33916,1.34214,1.33028,1.33249
478,2020-09-30T21:00:00.000000000Z,32000,1.33182,1.33236,1.32673,1.32894,1.33159,1.33214,1.32664,1.32872,1.33204,1.33258,1.32682,1.32917
479,2020-10-01T21:00:00.000000000Z,38315,1.32900,1.33314,1.32786,1.33073,1.32877,1.33305,1.32764,1.33023,1.32922,1.33323,1.32809,1.33123
480,2020-10-04T21:00:00.000000000Z,20732,1.33032,1.33060,1.32558,1.32562,1.32982,1.33022,1.32535,1.32540,1.33082,1.33110,1.32580,1.32585
481,2020-10-05T21:00:00.000000000Z,29512,1.32650,1.33172,1.32420,1.33150,1.32628,1.33163,1.32411,1.33127,1.32673,1.33183,1.32430,1.33172
482,2020-10-06T21:00:00.000000000Z,22646,1.33136,1.33407,1.32552,1.32558,1.33113,1.33397,1.32533,1.32536,1.33158,1.33417,1.32564,1.32581
483,2020-10-07T21:00:00.000000000Z,19293,1.32546,1.32658,1.31948,1.31966,1.32524,1.32651,1.31939,1.31944,1.32569,1.32666,1.31958,1.31989
484,2020-10-08T21:00:00.000000000Z,20043,1.31978,1.31990,1.31097,1.31214,1.31956,1.31968,1.31086,1.31164,1.32001,1.32013,1.31108,1.31264
485,2020-10-11T21:00:00.000000000Z,13909,1.31322,1.31435,1.31014,1.31142,1.31274,1.31424,1.31006,1.31120,1.31371,1.31447,1.31023,1.31165
486,2020-10-12T21:00:00.000000000Z,21877,1.31158,1.31472,1.30995,1.31386,1.31135,1.31464,1.30986,1.31363,1.31180,1.31480,1.31004,1.31408
487,2020-10-13T21:00:00.000000000Z,20196,1.31372,1.31632,1.31162,1.31514,1.31349,1.31624,1.31149,1.31491,1.31394,1.31640,1.31173,1.31536
488,2020-10-14T21:00:00.000000000Z,25961,1.31464,1.32594,1.31428,1.32258,1.31441,1.32587,1.31405,1.32235,1.31486,1.32604,1.31450,1.32280
489,2020-10-15T21:00:00.000000000Z,22257,1.32262,1.32378,1.31774,1.31898,1.32239,1.32369,1.31766,1.31848,1.32284,1.32387,1.31782,1.31948
490,2020-10-18T21:00:00.000000000Z,18788,1.31917,1.31952,1.31507,1.31906,1.31867,1.31924,1.31499,1.31883,1.31967,1.32002,1.31515,1.31928
491,2020-10-19T21:00:00.000000000Z,19956,1.31918,1.32040,1.31046,1.31292,1.31896,1.32032,1.31038,1.31269,1.31941,1.32048,1.31055,1.31314
492,2020-10-20T21:00:00.000000000Z,23223,1.31298,1.31524,1.30812,1.31456,1.31275,1.31517,1.30804,1.31434,1.31320,1.31532,1.30820,1.31479
493,2020-10-21T21:00:00.000000000Z,22273,1.31450,1.31773,1.31240,1.31372,1.31427,1.31766,1.31230,1.31350,1.31472,1.31780,1.31249,1.31395
494,2020-10-22T21:00:00.000000000Z,18941,1.31346,1.31605,1.31096,1.31238,1.31323,1.31596,1.31087,1.31190,1.31368,1.31614,1.31103,1.31286
495,2020-10-25T21:00:00.000000000Z,22736,1.31334,1.32254,1.31282,1.32128,1.31284,1.32247,1.31232,1.32105,1.31384,1.32261,1.31321,1.32150
496,2020-10-26T21:00:00.000000000Z,18825,1.32116,1.32122,1.31424,1.31844,1.32094,1.32115,1.31417,1.31821,1.32139,1.32139,1.31432,1.31866
497,2020-10-27T21:00:00.000000000Z,33713,1.31830,1.33339,1.31797,1.33224,1.31808,1.33332,1.31786,1.33201,1.31853,1.33346,1.31806,1.33246
498,2020-10-28T21:00:00.000000000Z,36062,1.33242,1.33898,1.32782,1.33256,1.33220,1.33890,1.32774,1.33234,1.33265,1.33907,1.32790,1.33279
499,2020-10-29T21:00:00.000000000Z,37714,1.33252,1.33487,1.32798,1.33214,1.33230,1.33477,1.32787,1.33173,1.33275,1.33503,1.32807,1.33256
500,2020-11-01T22:00:00.000000000Z,32284,1.33182,1.33706,1.32148,1.32170,1.33132,1.33697,1.32125,1.32147,1.33232,1.33715,1.32170,1.32192
501,2020-11-02T22:00:00.000000000Z,26666,1.32204,1.32342,1.31040,1.31284,1.32181,1.32333,1.31031,1.31262,1.32226,1.32351,1.31048,1.31307
502,2020-11-03T22:00:00.000000000Z,91346,1.31308,1.32996,1.30958,1.31342,1.31286,1.32986,1.30945,1.31319,1.31331,1.33005,1.30969,1.31364
503,2020-11-04T22:00:00.000000000Z,49429,1.31380,1.31781,1.30284,1.30458,1.31358,1.31772,1.30277,1.30436,1.31403,1.31790,1.30292,1.30481
504,2020-11-05T22:00:00.000000000Z,40850,1.30490,1.30969,1.30195,1.30571,1.30467,1.30959,1.30185,1.30471,1.30512,1.30979,1.30204,1.30671
505,2020-11-08T22:00:00.000000000Z,57228,1.30416,1.30535,1.29285,1.30076,1.30365,1.30470,1.29275,1.30053,1.30467,1.30617,1.29295,1.30098
506,2020-11-09T22:00:00.000000000Z,42305,1.30080,1.30510,1.29849,1.30340,1.30057,1.30500,1.29840,1.30318,1.30102,1.30519,1.29858,1.30363
507,2020-11-10T22:00:00.000000000Z,27014,1.30292,1.30776,1.30093,1.30624,1.30269,1.30768,1.30083,1.30601,1.30314,1.30785,1.30103,1.30646
508,2020-11-11T22:00:00.000000000Z,25612,1.30604,1.31500,1.30562,1.31432,1.30581,1.31491,1.30554,1.31410,1.30626,1.31508,1.30569,1.31455
509,2020-11-12T22:00:00.000000000Z,20161,1.31426,1.31726,1.31166,1.31349,1.31403,1.31718,1.31157,1.31299,1.31448,1.31735,1.31174,1.31399
510,2020-11-15T22:00:00.000000000Z,22551,1.31306,1.31390,1.30657,1.30732,1.31256,1.31340,1.30649,1.30710,1.31356,1.31440,1.30665,1.30755
511,2020-11-16T22:00:00.000000000Z,21132,1.30726,1.31168,1.30636,1.31056,1.30703,1.31159,1.30628,1.31033,1.30748,1.31177,1.30644,1.31078
512,2020-11-17T22:00:00.000000000Z,22684,1.31046,1.31178,1.30342,1.30848,1.31024,1.31169,1.30334,1.30825,1.31069,1.31187,1.30351,1.30870
513,2020-11-18T22:00:00.000000000Z,21508,1.30802,1.31234,1.30525,1.30730,1.30779,1.31224,1.30517,1.30708,1.30824,1.31243,1.30533,1.30753
514,2020-11-19T22:00:00.000000000Z,19820,1.30704,1.30972,1.30392,1.30938,1.30681,1.30963,1.30384,1.30918,1.30726,1.30982,1.30401,1.30959
515,2020-11-22T22:00:00.000000000Z,22089,1.30866,1.31128,1.30456,1.30862,1.30816,1.31119,1.30445,1.30839,1.30916,1.31137,1.30465,1.30884
516,2020-11-23T22:00:00.000000000Z,26929,1.30856,1.30910,1.29947,1.29974,1.30833,1.30901,1.29938,1.29952,1.30878,1.30919,1.29956,1.29997
517,2020-11-24T22:00:00.000000000Z,20681,1.29958,1.30292,1.29865,1.30068,1.29936,1.30285,1.29856,1.30045,1.29981,1.30300,1.29874,1.30090
518,2020-11-25T22:00:00.000000000Z,12627,1.30078,1.30226,1.29907,1.30178,1.30055,1.30219,1.29899,1.30156,1.30100,1.30236,1.29915,1.30201
519,2020-11-26T22:00:00.000000000Z,13857,1.30190,1.30250,1.29722,1.29905,1.30167,1.30242,1.29714,1.29855,1.30212,1.30259,1.29729,1.29955
520,2020-11-29T22:00:00.000000000Z,25851,1.30010,1.30106,1.29236,1.30082,1.29960,1.30084,1.29226,1.30059,1.30060,1.30129,1.29246,1.30104
521,2020-11-30T22:00:00.000000000Z,23360,1.30020,1.30088,1.29282,1.29344,1.29998,1.30065,1.29275,1.29322,1.30043,1.30110,1.29290,1.29367
522,2020-12-01T22:00:00.000000000Z,22366,1.29350,1.29587,1.29102,1.29182,1.29328,1.29578,1.29093,1.29159,1.29373,1.29596,1.29109,1.29204
523,2020-12-02T22:00:00.000000000Z,20099,1.29188,1.29414,1.28524,1.28622,1.29165,1.29406,1.28514,1.28600,1.29210,1.29422,1.28530,1.28645
524,2020-12-03T22:00:00.000000000Z,23754,1.28584,1.28740,1.27725,1.27842,1.28562,1.28733,1.27715,1.27819,1.28607,1.28748,1.27735,1.27866
525,2020-12-06T22:00:00.000000000Z,20674,1.27800,1.28331,1.27754,1.27982,1.27766,1.28322,1.27704,1.27964,1.27835,1.28340,1.27787,1.28000
526,2020-12-07T22:00:00.000000000Z,19142,1.27978,1.28258,1.27682,1.28190,1.27960,1.28250,1.27674,1.28168,1.27996,1.28267,1.27690,1.28213
527,2020-12-08T22:00:00.000000000Z,20508,1.28186,1.28334,1.27698,1.28188,1.28163,1.28327,1.27688,1.28165,1.28208,1.28343,1.27707,1.28210
528,2020-12-09T22:00:00.000000000Z,25709,1.28184,1.28295,1.27070,1.27402,1.28161,1.28286,1.27060,1.27379,1.28206,1.28304,1.27079,1.27424
529,2020-12-10T22:00:00.000000000Z,21600,1.27422,1.27928,1.27196,1.27760,1.27399,1.27920,1.27188,1.27710,1.27444,1.27936,1.27204,1.27810
530,2020-12-13T22:00:00.000000000Z,19016,1.27553,1.27898,1.27199,1.27640,1.27503,1.27889,1.27191,1.27617,1.27603,1.27909,1.27207,1.27662
531,2020-12-14T22:00:00.000000000Z,18707,1.27624,1.27716,1.26883,1.26990,1.27601,1.27709,1.26875,1.26968,1.27646,1.27723,1.26890,1.27013
532,2020-12-15T22:00:00.000000000Z,23857,1.26996,1.27896,1.26958,1.27396,1.26974,1.27888,1.26936,1.27374,1.27019,1.27905,1.26979,1.27419
533,2020-12-16T22:00:00.000000000Z,17835,1.27400,1.27504,1.26888,1.27216,1.27378,1.27496,1.26879,1.27193,1.27423,1.27513,1.26896,1.27238
534,2020-12-17T22:00:00.000000000Z,20676,1.27206,1.27984,1.27166,1.27853,1.27183,1.27977,1.27144,1.27803,1.27228,1.27992,1.27189,1.27903
535,2020-12-20T22:00:00.000000000Z,41385,1.27995,1.29570,1.27908,1.28586,1.27972,1.29559,1.27858,1.28564,1.28018,1.29580,1.27952,1.28609
536,2020-12-21T22:00:00.000000000Z,27623,1.28552,1.29338,1.28440,1.29084,1.28529,1.29329,1.28429,1.29062,1.28574,1.29348,1.28449,1.29107
537,2020-12-22T22:00:00.000000000Z,23917,1.29088,1.29152,1.28345,1.28454,1.29066,1.29142,1.28332,1.28431,1.29111,1.29161,1.28355,1.28476
538,2020-12-23T22:00:00.000000000Z,16121,1.28502,1.28817,1.28133,1.28656,1.28479,1.28767,1.28122,1.28633,1.28524,1.28867,1.28142,1.28678
539,2020-12-27T22:00:00.000000000Z,20748,1.28570,1.28761,1.28137,1.28468,1.28520,1.28752,1.28128,1.28445,1.28620,1.28770,1.28146,1.28490
540,2020-12-28T22:00:00.000000000Z,19918,1.28540,1.28552,1.27802,1.28198,1.28518,1.28530,1.27793,1.28176,1.28563,1.28575,1.27810,1.28221
541,2020-12-29T22:00:00.000000000Z,20895,1.28194,1.28271,1.27496,1.27510,1.28171,1.28262,1.27482,1.27487,1.28216,1.28280,1.27506,1.27532
542,2020-12-30T22:00:00.000000000Z,21158,1.27556,1.27696,1.27141,1.27342,1.27534,1.27686,1.27131,1.27319,1.27579,1.27711,1.27151,1.27364
543,2021-01-03T22:00:00.000000000Z,35965,1.27190,1.27980,1.26652,1.27754,1.27140,1.27970,1.26644,1.27732,1.27240,1.27990,1.26660,1.27777
544,2021-01-04T22:00:00.000000000Z,34486,1.27770,1.27914,1.26563,1.26704,1.27748,1.27892,1.26555,1.26682,1.27793,1.27937,1.26571,1.26727
545,2021-01-05T22:00:00.000000000Z,52067,1.26712,1.27236,1.26301,1.26786,1.26690,1.27228,1.26292,1.26764,1.26735,1.27251,1.26310,1.26809
546,2021-01-06T22:00:00.000000000Z,32639,1.26794,1.27338,1.26636,1.26888,1.26772,1.27329,1.26626,1.26865,1.26817,1.27349,1.26647,1.26910
547,2021-01-07T22:00:00.000000000Z,39535,1.26918,1.27433,1.26588,1.26882,1.26896,1.27423,1.26578,1.26832,1.26941,1.27443,1.26597,1.26932
548,2021-01-10T22:00:00.000000000Z,30476,1.27048,1.28355,1.26989,1.27848,1.26998,1.28346,1.26939,1.27825,1.27098,1.28364,1.27039,1.27870
549,2021-01-11T22:00:00.000000000Z,26571,1.27842,1.27914,1.27086,1.27130,1.27819,1.27905,1.27074,1.27108,1.27864,1.27923,1.27095,1.27153
550,2021-01-12T22:00:00.000000000Z,23753,1.27126,1.27469,1.26806,1.26962,1.27104,1.27458,1.26796,1.26939,1.27149,1.27480,1.26815,1.26984
551,2021-01-13T22:00:00.000000000Z,24189,1.26972,1.27077,1.26250,1.26434,1.26949,1.27069,1.26231,1.26411,1.26994,1.27086,1.26256,1.26456
552,2021-01-14T22:00:00.000000000Z,28510,1.26406,1.27646,1.26363,1.27313,1.26383,1.27639,1.26354,1.27263,1.26428,1.27655,1.26372,1.27363
553,2021-01-17T22:00:00.000000000Z,20115,1.27354,1.27994,1.27268,1.27584,1.27304,1.27986,1.27255,1.27562,1.27404,1.28004,1.27278,1.27607
554,2021-01-18T22:00:00.000000000Z,20293,1.27578,1.27642,1.27156,1.27344,1.27555,1.27633,1.27145,1.27321,1.27600,1.27652,1.27166,1.27366
555,2021-01-19T22:00:00.000000000Z,25821,1.27340,1.27416,1.26064,1.26352,1.27317,1.27393,1.26053,1.26330,1.27362,1.27438,1.26074,1.26375
556,2021-01-20T22:00:00.000000000Z,24750,1.26338,1.26479,1.25890,1.26384,1.26316,1.26470,1.25872,1.26361,1.26361,1.26488,1.25909,1.26406
557,2021-01-21T22:00:00.000000000Z,24963,1.26370,1.27404,1.26348,1.27331,1.26347,1.27396,1.26326,1.27281,1.26392,1.27429,1.26371,1.27381
558,2021-01-24T22:00:00.000000000Z,29705,1.27168,1.27795,1.26876,1.27438,1.27118,1.27786,1.26868,1.27415,1.27218,1.27806,1.26884,1.27460
559,2021-01-25T22:00:00.000000000Z,23627,1.27400,1.27826,1.26898,1.26956,1.27378,1.27818,1.26890,1.26933,1.27423,1.27835,1.26907,1.26978
560,2021-01-26T22:00:00.000000000Z,41599,1.26950,1.28229,1.26856,1.28052,1.26927,1.28219,1.26845,1.28030,1.26972,1.28240,1.26867,1.28075
561,2021-01-27T22:00:00.000000000Z,44056,1.28036,1.28814,1.27882,1.28306,1.28013,1.28804,1.27859,1.28284,1.28058,1.28828,1.27889,1.28329
562,2021-01-28T22:00:00.000000000Z,52365,1.28298,1.28748,1.27379,1.27762,1.28275,1.28738,1.27370,1.27741,1.28320,1.28760,1.27388,1.27783
563,2021-01-31T22:00:00.000000000Z,40768,1.27898,1.28648,1.27616,1.28502,1.27848,1.28638,1.27605,1.28479,1.27948,1.28658,1.27627,1.28524
564,2021-02-01T22:00:00.000000000Z,32379,1.28496,1.28701,1.27804,1.27816,1.28473,1.28692,1.27781,1.27794,1.28518,1.28710,1.27826,1.27839
565,2021-02-02T22:00:00.000000000Z,27172,1.27846,1.28116,1.27634,1.27854,1.27824,1.28108,1.27623,1.27831,1.27869,1.28126,1.27645,1.27876
566,2021-02-03T22:00:00.000000000Z,24200,1.27858,1.28450,1.27772,1.28264,1.27835,1.28443,1.27763,1.28241,1.27880,1.28458,1.27781,1.28286
567,2021-02-04T22:00:00.000000000Z,24967,1.28288,1.28329,1.27535,1.27541,1.28265,1.28320,1.27486,1.27494,1.28310,1.28338,1.27574,1.27588
568,2021-02-07T22:00:00.000000000Z,21280,1.27590,1.27826,1.27348,1.27390,1.27540,1.27817,1.27332,1.27368,1.27640,1.27835,1.27361,1.27413
569,2021-02-08T22:00:00.000000000Z,22653,1.27422,1.27662,1.26915,1.26928,1.27399,1.27654,1.26899,1.26906,1.27444,1.27670,1.26931,1.26951
570,2021-02-09T22:00:00.000000000Z,26375,1.27016,1.27110,1.26676,1.27006,1.26994,1.27099,1.26668,1.26983,1.27039,1.27132,1.26684,1.27028
571,2021-02-10T22:00:00.000000000Z,20328,1.27016,1.27112,1.26608,1.27046,1.26994,1.27103,1.26599,1.27024,1.27039,1.27122,1.26617,1.27069
572,2021-02-11T22:00:00.000000000Z,17282,1.27012,1.27632,1.26769,1.26945,1.26990,1.27625,1.26762,1.26895,1.27035,1.27639,1.26776,1.26995
573,2021-02-14T22:00:00.000000000Z,10977,1.26830,1.26922,1.26312,1.26394,1.26780,1.26906,1.26303,1.26372,1.26880,1.26972,1.26322,1.26417
574,2021-02-15T22:00:00.000000000Z,21341,1.26404,1.27026,1.26098,1.26908,1.26381,1.27018,1.26090,1.26886,1.26426,1.27033,1.26106,1.26931
575,2021-02-16T22:00:00.000000000Z,26729,1.26912,1.27464,1.26874,1.27002,1.26890,1.27457,1.26852,1.26980,1.26935,1.27471,1.26882,1.27025
576,2021-02-17T22:00:00.000000000Z,23425,1.27046,1.27312,1.26654,1.26772,1.27023,1.27304,1.26648,1.26749,1.27068,1.27319,1.26661,1.26794
577,2021-02-18T22:00:00.000000000Z,24431,1.26786,1.27142,1.25943,1.26170,1.26763,1.27133,1.25936,1.26131,1.26808,1.27150,1.25950,1.26208
578,2021-02-21T22:00:00.000000000Z,26192,1.26125,1.26538,1.25806,1.26172,1.26075,1.26530,1.25798,1.26150,1.26175,1.26545,1.25815,1.26195
579,2021-02-22T22:00:00.000000000Z,29329,1.26144,1.26474,1.25791,1.25892,1.26122,1.26467,1.25783,1.25869,1.26167,1.26482,1.25799,1.25914
580,2021-02-23T22:00:00.000000000Z,33326,1.25870,1.25985,1.25052,1.25126,1.25848,1.25977,1.25044,1.25104,1.25893,1.25993,1.25059,1.25149
581,2021-02-24T22:00:00.000000000Z,44172,1.25154,1.26148,1.24680,1.26046,1.25132,1.26140,1.24673,1.26023,1.25177,1.26157,1.24688,1.26068
582,2021-02-25T22:00:00.000000000Z,63574,1.26060,1.27485,1.25872,1.27380,1.26038,1.27441,1.25865,1.27347,1.26083,1.27535,1.25880,1.27412
583,2021-02-28T22:00:00.000000000Z,31849,1.27339,1.27376,1.26408,1.26462,1.27289,1.27334,1.26398,1.26439,1.27389,1.27419,1.26419,1.26484
584,2021-03-01T22:00:00.000000000Z,34778,1.26470,1.26984,1.26004,1.26386,1.26447,1.26976,1.25995,1.26364,1.26492,1.26991,1.26012,1.26409
585,2021-03-02T22:00:00.000000000Z,34254,1.26368,1.26586,1.25932,1.26562,1.26346,1.26578,1.25923,1.26540,1.26391,1.26595,1.25940,1.26585
586,2021-03-03T22:00:00.000000000Z,54897,1.26566,1.26940,1.25754,1.26672,1.26544,1.26932,1.25745,1.26649,1.26589,1.26950,1.25763,1.26694
587,2021-03-04T22:00:00.000000000Z,56096,1.26622,1.27373,1.26458,1.26570,1.26600,1.27363,1.26416,1.26520,1.26645,1.27383,1.26467,1.26620
588,2021-03-07T22:00:00.000000000Z,46147,1.26555,1.27003,1.26226,1.26664,1.26505,1.26995,1.26214,1.26642,1.26605,1.27011,1.26238,1.26687
589,2021-03-08T22:00:00.000000000Z,37402,1.26642,1.26858,1.25906,1.26410,1.26619,1.26849,1.25897,1.26388,1.26664,1.26867,1.25915,1.26433
590,2021-03-09T22:00:00.000000000Z,35680,1.26376,1.26834,1.26098,1.26188,1.26354,1.26825,1.26090,1.26166,1.26399,1.26844,1.26106,1.26211
591,2021-03-10T22:00:00.000000000Z,26140,1.26172,1.26254,1.25208,1.25342,1.26150,1.26245,1.25199,1.25319,1.26195,1.26263,1.25217,1.25364
592,2021-03-11T22:00:00.000000000Z,28801,1.25302,1.25734,1.24622,1.24773,1.25280,1.25725,1.24615,1.24739,1.25325,1.25742,1.24630,1.24807
593,2021-03-14T21:00:00.000000000Z,24026,1.24743,1.25130,1.24410,1.24728,1.24693,1.25122,1.24402,1.24705,1.24793,1.25138,1.24417,1.24750
594,2021-03-15T21:00:00.000000000Z,21455,1.24716,1.25006,1.24360,1.24466,1.24693,1.24998,1.24353,1.24444,1.24738,1.25014,1.24368,1.24489
595,2021-03-16T21:00:00.000000000Z,26607,1.24478,1.24933,1.24006,1.24052,1.24456,1.24923,1.23995,1.24029,1.24501,1.24944,1.24014,1.24074
596,2021-03-17T21:00:00.000000000Z,35458,1.24060,1.25270,1.23652,1.24862,1.24037,1.25262,1.23644,1.24839,1.24082,1.25279,1.23660,1.24884
597,2021-03-18T21:00:00.000000000Z,31571,1.24888,1.25482,1.24620,1.24985,1.24866,1.25474,1.24611,1.24935,1.24911,1.25489,1.24629,1.25035
598,2021-03-21T21:00:00.000000000Z,19042,1.24976,1.25412,1.24736,1.25228,1.24926,1.25404,1.24728,1.25205,1.25026,1.25421,1.24744,1.25250
599,2021-03-22T21:00:00.000000000Z,27304,1.25238,1.25948,1.25160,1.25886,1.25215,1.25940,1.25137,1.25863,1.25260,1.25957,1.25182,1.25908
600,2021-03-23T21:00:00.000000000Z,25932,1.25852,1.26088,1.25428,1.25832,1.25830,1.26079,1.25420,1.25809,1.25875,1.26096,1.25437,1.25854
601,2021-03-24T21:00:00.000000000Z,31725,1.25790,1.26290,1.25466,1.26138,1.25767,1.26282,1.25457,1.26115,1.25812,1.26297,1.25474,1.26160
602,2021-03-25T21:00:00.000000000Z,21279,1.26128,1.26146,1.25606,1.25758,1.26105,1.26123,1.25599,1.25711,1.26150,1.26168,1.25614,1.25804
603,2021-03-28T21:00:00.000000000Z,21410,1.25758,1.26270,1.25725,1.25904,1.25712,1.26261,1.25675,1.25881,1.25805,1.26279,1.25775,1.25926
604,2021-03-29T21:00:00.000000000Z,22224,1.25908,1.26472,1.25806,1.26322,1.25885,1.26464,1.25798,1.26299,1.25930,1.26480,1.25814,1.26344
605,2021-03-30T21:00:00.000000000Z,24847,1.26274,1.26336,1.25396,1.25622,1.26252,1.26313,1.25387,1.25599,1.26297,1.26358,1.25405,1.25644
606,2021-03-31T21:00:00.000000000Z,21444,1.25630,1.26022,1.25433,1.25464,1.25607,1.26012,1.25424,1.25441,1.25652,1.26031,1.25442,1.25486
607,2021-04-01T21:00:00.000000000Z,7669,1.25470,1.25831,1.25284,1.25730,1.25448,1.25781,1.25273,1.25680,1.25493,1.25881,1.25294,1.25780
608,2021-04-04T21:00:00.000000000Z,13974,1.25757,1.25946,1.25021,1.25230,1.25707,1.25937,1.25013,1.25207,1.25807,1.25954,1.25029,1.25252
609,2021-04-05T21:00:00.000000000Z,17383,1.25260,1.25831,1.25167,1.25674,1.25237,1.25823,1.25158,1.25652,1.25282,1.25839,1.25176,1.25697
610,2021-04-06T21:00:00.000000000Z,23742,1.25700,1.26348,1.25640,1.26094,1.25678,1.26341,1.25618,1.26072,1.25723,1.26356,1.25663,1.26117
611,2021-04-07T21:00:00.000000000Z,19302,1.26100,1.26274,1.25583,1.25614,1.26077,1.26263,1.25574,1.25592,1.26122,1.26286,1.25592,1.25637
612,2021-04-08T21:00:00.000000000Z,21106,1.25632,1.26109,1.25263,1.25311,1.25610,1.26101,1.25231,1.25261,1.25655,1.26117,1.25274,1.25361
613,2021-04-11T21:00:00.000000000Z,19195,1.25440,1.25740,1.25269,1.25624,1.25390,1.25732,1.25219,1.25601,1.25490,1.25749,1.25289,1.25646
614,2021-04-12T21:00:00.000000000Z,21295,1.25596,1.26304,1.25272,1.25338,1.25574,1.26271,1.25263,1.25316,1.25619,1.26344,1.25281,1.25361
615,2021-04-13T21:00:00.000000000Z,20205,1.25346,1.25763,1.25000,1.25198,1.25324,1.25755,1.24991,1.25176,1.25369,1.25771,1.25009,1.25221
616,2021-04-14T21:00:00.000000000Z,21493,1.25170,1.25586,1.24768,1.25444,1.25148,1.25578,1.24760,1.25422,1.25193,1.25593,1.24775,1.25467
617,2021-04-15T21:00:00.000000000Z,18387,1.25422,1.25596,1.24946,1.25084,1.25400,1.25587,1.24938,1.25056,1.25445,1.25608,1.24953,1.25112
618,2021-04-18T21:00:00.000000000Z,21874,1.25072,1.25440,1.24714,1.25346,1.25022,1.25432,1.24706,1.25323,1.25122,1.25449,1.24723,1.25368
619,2021-04-19T21:00:00.000000000Z,26147,1.25322,1.26238,1.24786,1.26100,1.25300,1.26228,1.24778,1.26078,1.25345,1.26247,1.24795,1.26123
620,2021-04-20T21:00:00.000000000Z,30122,1.26124,1.26540,1.24600,1.24980,1.26102,1.26529,1.24591,1.24957,1.26147,1.26553,1.24610,1.25002
621,2021-04-21T21:00:00.000000000Z,26083,1.24988,1.25351,1.24730,1.25052,1.24966,1.25343,1.24721,1.25030,1.25011,1.25359,1.24738,1.25075
622,2021-04-22T21:00:00.000000000Z,21892,1.25070,1.25094,1.24611,1.24759,1.25048,1.25086,1.24602,1.24736,1.25093,1.25117,1.24620,1.24782
623,2021-04-25T21:00:00.000000000Z,22873,1.24807,1.24908,1.23844,1.23968,1.24757,1.24898,1.23836,1.23945,1.24857,1.24918,1.23852,1.23990
624,2021-04-26T21:00:00.000000000Z,19136,1.23972,1.24188,1.23886,1.24002,1.23949,1.24180,1.23879,1.23980,1.23994,1.24197,1.23894,1.24025
625,2021-04-27T21:00:00.000000000Z,24918,1.24054,1.24184,1.23106,1.23144,1.24031,1.24176,1.23084,1.23121,1.24076,1.24192,1.23115,1.23166
626,2021-04-28T21:00:00.000000000Z,21503,1.23166,1.23248,1.22756,1.22820,1.23144,1.23225,1.22747,1.22797,1.23189,1.23270,1.22765,1.22842
627,2021-04-29T21:00:00.000000000Z,24188,1.22832,1.23225,1.22660,1.22919,1.22810,1.23217,1.22652,1.22869,1.22855,1.23233,1.22668,1.22969
628,2021-05-02T21:00:00.000000000Z,18504,1.22923,1.23188,1.22670,1.22790,1.22873,1.23180,1.22660,1.22767,1.22973,1.23195,1.22678,1.22812
629,2021-05-03T21:00:00.000000000Z,24181,1.22770,1.23518,1.22754,1.23084,1.22748,1.23509,1.22731,1.23061,1.22793,1.23531,1.22776,1.23106
