,time,volume,mid_o,mid_h,mid_l,mid_c,bid_o,bid_h,bid_l,bid_c,ask_o,ask_h,ask_l,ask_c
0,2019-01-01T22:00:00.000000000Z,30756,109.590,109.726,108.710,108.887,109.540,109.718,108.702,108.837,109.640,109.736,108.717,108.937
1,2019-01-02T22:00:00.000000000Z,62810,108.861,108.915,104.819,107.662,108.845,108.874,104.769,107.634,108.877,108.965,104.869,107.691
2,2019-01-03T22:00:00.000000000Z,49016,107.672,108.589,107.516,108.516,107.643,108.583,107.508,108.466,107.701,108.598,107.523,108.566
3,2019-01-06T22:00:00.000000000Z,28233,108.520,108.749,108.023,108.716,108.474,108.741,108.015,108.700,108.567,108.757,108.031,108.731
4,2019-01-07T22:00:00.000000000Z,26774,108.716,109.089,108.444,108.732,108.700,109.083,108.424,108.711,108.731,109.096,108.451,108.753
5,2019-01-08T22:00:00.000000000Z,32248,108.754,109.007,107.974,108.160,108.713,108.999,107.965,108.142,108.794,109.015,107.982,108.179
6,2019-01-09T22:00:00.000000000Z,30356,108.143,108.518,107.772,108.426,108.117,108.508,107.765,108.417,108.169,108.528,107.779,108.434
7,2019-01-10T22:00:00.000000000Z,20959,108.434,108.599,108.147,108.514,108.411,108.592,108.140,108.464,108.458,108.607,108.154,108.564
8,2019-01-13T22:00:00.000000000Z,14908,108.555,108.569,107.986,108.160,108.505,108.537,107.979,108.148,108.605,108.610,107.994,108.171
9,2019-01-14T22:00:00.000000000Z,25944,108.160,108.768,108.140,108.700,108.148,108.760,108.119,108.674,108.171,108.776,108.154,108.726
10,2019-01-15T22:00:00.000000000Z,18823,108.692,109.197,108.373,109.089,108.651,109.190,108.366,109.078,108.732,109.204,108.380,109.100
11,2019-01-16T22:00:00.000000000Z,23753,109.096,109.403,108.686,109.258,109.084,109.395,108.680,109.239,109.107,109.423,108.693,109.277
12,2019-01-17T22:00:00.000000000Z,22132,109.242,109.888,109.059,109.774,109.214,109.881,109.051,109.755,109.270,109.895,109.067,109.794
13,2019-01-20T22:00:00.000000000Z,10948,109.734,109.767,109.478,109.670,109.684,109.754,109.470,109.648,109.784,109.793,109.484,109.691
14,2019-01-21T22:00:00.000000000Z,16329,109.666,109.696,109.146,109.374,109.645,109.688,109.139,109.353,109.688,109.709,109.152,109.394
15,2019-01-22T22:00:00.000000000Z,18121,109.370,110.000,109.326,109.614,109.349,109.993,109.311,109.600,109.392,110.007,109.337,109.627
16,2019-01-23T22:00:00.000000000Z,19371,109.628,109.800,109.422,109.640,109.579,109.794,109.415,109.623,109.676,109.807,109.428,109.656
17,2019-01-24T22:00:00.000000000Z,19883,109.640,109.951,109.458,109.550,109.623,109.945,109.450,109.532,109.656,109.957,109.467,109.567
18,2019-01-27T22:00:00.000000000Z,15940,109.549,109.577,109.162,109.346,109.531,109.555,109.156,109.296,109.567,109.599,109.168,109.396
19,2019-01-28T22:00:00.000000000Z,14624,109.354,109.543,109.131,109.386,109.314,109.535,109.124,109.336,109.393,109.551,109.138,109.436
20,2019-01-29T22:00:00.000000000Z,20694,109.343,109.744,108.810,109.040,109.301,109.736,108.803,109.026,109.385,109.751,108.816,109.054
21,2019-01-30T22:00:00.000000000Z,18221,109.042,109.066,108.498,108.868,109.025,109.051,108.491,108.818,109.060,109.085,108.504,108.918
22,2019-01-31T22:00:00.000000000Z,16457,108.890,109.582,108.726,109.502,108.851,109.575,108.718,109.462,108.929,109.588,108.734,109.542
23,2019-02-03T22:00:00.000000000Z,12169,109.522,110.163,109.434,109.900,109.501,110.156,109.426,109.885,109.542,110.170,109.441,109.914
24,2019-02-04T22:00:00.000000000Z,11487,109.890,110.042,109.780,109.964,109.852,110.035,109.771,109.955,109.928,110.048,109.789,109.974
25,2019-02-05T22:00:00.000000000Z,14372,109.971,110.054,109.560,109.979,109.955,110.046,109.553,109.966,109.987,110.065,109.568,109.992
26,2019-02-06T22:00:00.000000000Z,17436,109.990,110.089,109.607,109.818,109.958,110.082,109.601,109.803,110.021,110.096,109.613,109.832
27,2019-02-07T22:00:00.000000000Z,14161,109.818,109.898,109.650,109.754,109.803,109.891,109.643,109.713,109.832,109.904,109.657,109.795
28,2019-02-10T22:00:00.000000000Z,12442,109.779,110.468,109.776,110.380,109.729,110.460,109.729,110.361,109.829,110.475,109.782,110.398
29,2019-02-11T22:00:00.000000000Z,12728,110.366,110.652,110.348,110.482,110.338,110.645,110.328,110.460,110.394,110.658,110.354,110.505
30,2019-02-12T22:00:00.000000000Z,11518,110.474,111.056,110.430,111.004,110.444,111.049,110.408,110.987,110.505,111.063,110.440,111.021
31,2019-02-13T22:00:00.000000000Z,19517,110.988,111.131,110.458,110.486,110.968,111.124,110.436,110.436,111.008,111.138,110.465,110.536
32,2019-02-14T22:00:00.000000000Z,16099,110.449,110.645,110.255,110.456,110.431,110.638,110.227,110.411,110.467,110.652,110.266,110.501
33,2019-02-17T22:00:00.000000000Z,8400,110.466,110.648,110.460,110.614,110.431,110.630,110.418,110.590,110.502,110.669,110.466,110.638
34,2019-02-18T22:00:00.000000000Z,12551,110.606,110.824,110.454,110.606,110.586,110.818,110.447,110.567,110.627,110.831,110.460,110.646
35,2019-02-19T22:00:00.000000000Z,14188,110.633,110.948,110.552,110.854,110.591,110.941,110.518,110.841,110.675,110.955,110.576,110.866
36,2019-02-20T22:00:00.000000000Z,14876,110.850,110.866,110.568,110.707,110.826,110.852,110.559,110.692,110.873,110.884,110.576,110.722
37,2019-02-21T22:00:00.000000000Z,12758,110.707,110.906,110.557,110.682,110.692,110.900,110.550,110.632,110.722,110.912,110.564,110.732
38,2019-02-24T22:00:00.000000000Z,13044,110.660,111.234,110.580,111.056,110.633,111.228,110.573,111.040,110.686,111.241,110.586,111.072
39,2019-02-25T22:00:00.000000000Z,12930,111.036,111.080,110.422,110.585,111.015,111.069,110.414,110.571,111.058,111.128,110.430,110.599
40,2019-02-26T22:00:00.000000000Z,12423,110.580,111.074,110.355,110.994,110.562,111.068,110.347,110.984,110.598,111.081,110.362,111.005
41,2019-02-27T22:00:00.000000000Z,15480,110.998,111.494,110.662,111.384,110.976,111.488,110.654,111.369,111.019,111.501,110.669,111.400
42,2019-02-28T22:00:00.000000000Z,14258,111.392,112.078,111.324,111.903,111.370,112.071,111.318,111.853,111.413,112.085,111.331,111.953
43,2019-03-03T22:00:00.000000000Z,12273,111.866,112.014,111.640,111.744,111.845,112.007,111.634,111.737,111.886,112.020,111.647,111.752
44,2019-03-04T22:00:00.000000000Z,11965,111.741,112.136,111.723,111.888,111.720,112.129,111.693,111.871,111.762,112.144,111.733,111.905
45,2019-03-05T22:00:00.000000000Z,11843,111.862,111.922,111.616,111.770,111.828,111.915,111.608,111.756,111.896,111.928,111.623,111.784
46,2019-03-06T22:00:00.000000000Z,12907,111.760,111.858,111.484,111.584,111.721,111.851,111.477,111.542,111.800,111.864,111.490,111.625
47,2019-03-07T22:00:00.000000000Z,17745,111.575,111.650,110.754,111.169,111.527,111.643,110.704,111.142,111.623,111.670,110.799,111.196
48,2019-03-10T21:00:00.000000000Z,10829,111.022,111.308,110.880,111.214,110.975,111.301,110.873,111.200,111.069,111.314,110.886,111.228
49,2019-03-11T21:00:00.000000000Z,12558,111.196,111.468,111.112,111.345,111.155,111.461,111.105,111.318,111.236,111.474,111.119,111.372
50,2019-03-12T21:00:00.000000000Z,11098,111.354,111.464,111.008,111.158,111.315,111.458,111.001,111.108,111.392,111.471,111.014,111.208
51,2019-03-13T21:00:00.000000000Z,13643,111.166,111.833,111.148,111.693,111.128,111.827,111.118,111.643,111.203,111.839,111.154,111.743
52,2019-03-14T21:00:00.000000000Z,13031,111.700,111.904,111.384,111.479,111.652,111.897,111.378,111.434,111.749,111.910,111.391,111.524
53,2019-03-15T21:00:00.000000000Z,2,111.485,111.485,111.480,111.480,111.439,111.439,111.431,111.431,111.531,111.531,111.530,111.530
54,2019-03-17T21:00:00.000000000Z,8446,111.476,111.630,111.298,111.426,111.454,111.623,111.291,111.417,111.498,111.636,111.304,111.434
55,2019-03-18T21:00:00.000000000Z,9601,111.417,111.476,111.159,111.404,111.406,111.470,111.152,111.354,111.428,111.482,111.166,111.454
56,2019-03-19T21:00:00.000000000Z,16488,111.390,111.694,110.536,110.703,111.351,111.686,110.529,110.681,111.429,111.701,110.542,110.725
57,2019-03-20T21:00:00.000000000Z,14509,110.699,110.958,110.301,110.816,110.675,110.952,110.295,110.798,110.723,110.964,110.307,110.835
58,2019-03-21T21:00:00.000000000Z,23250,110.816,110.898,109.742,109.937,110.798,110.892,109.736,109.887,110.835,110.905,109.749,109.987
59,2019-03-22T21:00:00.000000000Z,2,109.931,109.931,109.924,109.924,109.881,109.881,109.874,109.874,109.981,109.981,109.974,109.974
60,2019-03-24T21:00:00.000000000Z,19916,109.940,110.242,109.708,109.967,109.906,110.236,109.694,109.949,109.973,110.248,109.721,109.985
61,2019-03-25T21:00:00.000000000Z,18138,109.967,110.690,109.936,110.634,109.949,110.683,109.902,110.620,109.985,110.696,109.954,110.649
62,2019-03-26T21:00:00.000000000Z,24867,110.628,110.714,110.237,110.514,110.602,110.706,110.231,110.503,110.655,110.721,110.243,110.525
63,2019-03-27T21:00:00.000000000Z,22653,110.496,110.830,110.021,110.650,110.472,110.825,110.009,110.600,110.520,110.837,110.027,110.700
64,2019-03-28T21:00:00.000000000Z,19718,110.628,110.950,110.536,110.850,110.583,110.944,110.529,110.807,110.674,110.956,110.543,110.892
65,2019-03-31T21:00:00.000000000Z,15483,111.028,111.444,110.814,111.350,110.998,111.437,110.788,111.336,111.057,111.450,110.834,111.364
66,2019-04-01T21:00:00.000000000Z,10144,111.354,111.454,111.250,111.322,111.334,111.448,111.243,111.305,111.373,111.463,111.256,111.338
67,2019-04-02T21:00:00.000000000Z,12561,111.330,111.580,111.210,111.490,111.315,111.573,111.203,111.484,111.345,111.586,111.217,111.497
68,2019-04-03T21:00:00.000000000Z,10240,111.480,111.677,111.336,111.648,111.452,111.665,111.330,111.598,111.507,111.704,111.342,111.698
69,2019-04-04T21:00:00.000000000Z,11193,111.655,111.825,111.561,111.720,111.636,111.818,111.511,111.681,111.674,111.832,111.604,111.760
70,2019-04-07T21:00:00.000000000Z,8600,111.715,111.760,111.284,111.489,111.665,111.725,111.277,111.467,111.765,111.797,111.290,111.511
71,2019-04-08T21:00:00.000000000Z,9542,111.472,111.580,110.980,111.147,111.448,111.573,110.972,111.097,111.497,111.586,110.987,111.197
72,2019-04-09T21:00:00.000000000Z,11277,111.140,111.282,110.844,111.012,111.114,111.275,110.837,110.977,111.167,111.289,110.852,111.047
73,2019-04-10T21:00:00.000000000Z,10042,111.004,111.694,110.908,111.664,110.974,111.687,110.888,111.646,111.033,111.700,110.923,111.683
74,2019-04-11T21:00:00.000000000Z,10394,111.664,112.094,111.586,112.020,111.646,112.086,111.580,111.989,111.683,112.101,111.593,112.051
75,2019-04-14T21:00:00.000000000Z,7339,111.972,112.096,111.890,112.038,111.939,112.089,111.883,112.026,112.005,112.102,111.896,112.049
76,2019-04-15T21:00:00.000000000Z,9491,112.026,112.048,111.847,112.016,112.017,112.039,111.841,112.005,112.036,112.071,111.853,112.028
77,2019-04-16T21:00:00.000000000Z,9709,112.010,112.166,111.923,112.069,111.982,112.158,111.917,112.019,112.039,112.173,111.929,112.119
78,2019-04-17T21:00:00.000000000Z,11037,112.062,112.066,111.767,111.980,112.036,112.057,111.759,111.930,112.088,112.091,111.775,112.029
79,2019-04-18T21:00:00.000000000Z,5797,111.967,112.007,111.897,111.926,111.926,112.000,111.860,111.876,112.008,112.023,111.904,111.976
80,2019-04-21T21:00:00.000000000Z,5121,111.916,111.990,111.860,111.938,111.866,111.983,111.823,111.926,111.966,111.997,111.878,111.949
81,2019-04-22T21:00:00.000000000Z,8158,111.924,112.034,111.653,111.862,111.896,112.028,111.645,111.851,111.951,112.041,111.661,111.873
82,2019-04-23T21:00:00.000000000Z,10203,111.862,112.400,111.682,112.196,111.851,112.388,111.676,112.138,111.873,112.413,111.689,112.254
83,2019-04-24T21:00:00.000000000Z,13739,112.132,112.238,111.373,111.622,112.058,112.232,111.324,111.589,112.207,112.245,111.392,111.655
84,2019-04-25T21:00:00.000000000Z,16012,111.622,112.034,111.428,111.587,111.589,112.007,111.422,111.537,111.655,112.061,111.435,111.637
85,2019-04-26T21:00:00.000000000Z,1,111.591,111.591,111.591,111.591,111.541,111.541,111.541,111.541,111.641,111.641,111.641,111.641
86,2019-04-28T21:00:00.000000000Z,7457,111.573,111.900,111.549,111.645,111.523,111.894,111.516,111.633,111.623,111.906,111.569,111.657
87,2019-04-29T21:00:00.000000000Z,10762,111.651,111.690,111.238,111.429,111.632,111.683,111.232,111.414,111.670,111.711,111.244,111.444
88,2019-04-30T21:00:00.000000000Z,14611,111.425,111.613,111.050,111.385,111.401,111.606,111.043,111.371,111.449,111.620,111.057,111.399
89,2019-05-01T21:00:00.000000000Z,10391,111.382,111.666,111.354,111.510,111.365,111.659,111.332,111.496,111.400,111.672,111.362,111.525
90,2019-05-02T21:00:00.000000000Z,10525,111.518,111.695,111.070,111.096,111.482,111.662,111.063,111.070,111.553,111.735,111.077,111.123
91,2019-05-05T21:00:00.000000000Z,18205,110.626,110.959,110.282,110.805,110.594,110.952,110.275,110.755,110.659,110.966,110.290,110.855
92,2019-05-06T21:00:00.000000000Z,17973,110.744,110.854,110.170,110.246,110.714,110.847,110.164,110.234,110.775,110.860,110.177,110.257
93,2019-05-07T21:00:00.000000000Z,20390,110.252,110.293,109.905,110.099,110.219,110.280,109.898,110.089,110.285,110.311,109.912,110.109
94,2019-05-08T21:00:00.000000000Z,24085,110.090,110.109,109.473,109.774,110.063,110.095,109.467,109.749,110.117,110.131,109.479,109.798
95,2019-05-09T21:00:00.000000000Z,29920,109.769,110.050,109.475,109.953,109.728,110.043,109.449,109.903,109.810,110.056,109.493,110.003
96,2019-05-12T21:00:00.000000000Z,22176,109.774,109.835,109.022,109.305,109.724,109.827,109.014,109.295,109.824,109.870,109.030,109.315
97,2019-05-13T21:00:00.000000000Z,14750,109.302,109.772,109.148,109.610,109.282,109.766,109.140,109.598,109.322,109.779,109.154,109.621
98,2019-05-14T21:00:00.000000000Z,17748,109.622,109.702,109.154,109.594,109.592,109.696,109.147,109.580,109.651,109.708,109.161,109.608
99,2019-05-15T21:00:00.000000000Z,13581,109.586,109.968,109.336,109.848,109.568,109.962,109.330,109.837,109.604,109.975,109.343,109.860
100,2019-05-16T21:00:00.000000000Z,21213,109.848,110.192,109.496,110.069,109.837,110.183,109.490,110.040,109.860,110.202,109.503,110.098
101,2019-05-17T21:00:00.000000000Z,1,110.074,110.074,110.074,110.074,110.048,110.048,110.048,110.048,110.100,110.100,110.100,110.100
102,2019-05-19T21:00:00.000000000Z,16560,110.132,110.320,109.809,110.062,110.086,110.313,109.803,110.054,110.177,110.326,109.815,110.070
103,2019-05-20T21:00:00.000000000Z,13994,110.078,110.673,110.022,110.492,110.063,110.667,109.994,110.478,110.093,110.679,110.028,110.506
104,2019-05-21T21:00:00.000000000Z,12500,110.502,110.627,110.242,110.356,110.480,110.621,110.234,110.349,110.524,110.633,110.249,110.364
105,2019-05-22T21:00:00.000000000Z,19901,110.344,110.364,109.460,109.601,110.324,110.358,109.452,109.569,110.363,110.371,109.467,109.633
106,2019-05-23T21:00:00.000000000Z,14380,109.606,109.746,109.276,109.302,109.589,109.740,109.270,109.279,109.624,109.753,109.282,109.326
107,2019-05-26T21:00:00.000000000Z,7315,109.318,109.586,109.282,109.510,109.281,109.580,109.270,109.462,109.356,109.593,109.291,109.559
108,2019-05-27T21:00:00.000000000Z,17846,109.498,109.630,109.210,109.364,109.448,109.624,109.204,109.314,109.548,109.636,109.216,109.414
109,2019-05-28T21:00:00.000000000Z,20433,109.372,109.700,109.150,109.591,109.346,109.693,109.143,109.580,109.397,109.707,109.156,109.602
110,2019-05-29T21:00:00.000000000Z,16236,109.577,109.926,109.475,109.624,109.564,109.920,109.468,109.612,109.590,109.933,109.482,109.637
111,2019-05-30T21:00:00.000000000Z,29645,109.604,109.622,108.279,108.304,109.577,109.617,108.236,108.258,109.632,109.637,108.289,108.350
112,2019-06-02T21:00:00.000000000Z,25281,108.312,108.447,107.884,108.073,108.262,108.441,107.878,108.061,108.362,108.453,107.890,108.085
113,2019-06-03T21:00:00.000000000Z,20767,108.068,108.358,107.847,108.147,108.047,108.352,107.841,108.139,108.088,108.364,107.853,108.155
114,2019-06-04T21:00:00.000000000Z,24392,108.140,108.486,107.816,108.460,108.132,108.479,107.808,108.450,108.149,108.492,107.824,108.470
115,2019-06-05T21:00:00.000000000Z,22240,108.462,108.563,108.026,108.394,108.446,108.557,108.020,108.384,108.479,108.570,108.033,108.405
116,2019-06-06T21:00:00.000000000Z,22104,108.411,108.618,107.881,108.195,108.392,108.611,107.875,108.151,108.430,108.625,107.887,108.239
117,2019-06-07T21:00:00.000000000Z,3,108.182,108.182,108.147,108.147,108.137,108.137,108.097,108.097,108.227,108.227,108.197,108.197
118,2019-06-09T21:00:00.000000000Z,13751,108.508,108.715,108.314,108.451,108.458,108.709,108.305,108.434,108.558,108.721,108.323,108.468
119,2019-06-10T21:00:00.000000000Z,13840,108.441,108.802,108.350,108.519,108.422,108.796,108.344,108.509,108.460,108.808,108.357,108.529
120,2019-06-11T21:00:00.000000000Z,15055,108.519,108.572,108.220,108.506,108.509,108.558,108.213,108.495,108.529,108.612,108.226,108.517
121,2019-06-12T21:00:00.000000000Z,13538,108.495,108.536,108.167,108.398,108.477,108.530,108.161,108.382,108.513,108.543,108.173,108.414
122,2019-06-13T21:00:00.000000000Z,15069,108.369,108.588,108.158,108.557,108.334,108.581,108.152,108.544,108.404,108.610,108.164,108.570
123,2019-06-16T21:00:00.000000000Z,9492,108.504,108.723,108.478,108.538,108.473,108.717,108.459,108.519,108.534,108.729,108.490,108.558
124,2019-06-17T21:00:00.000000000Z,21442,108.538,108.678,108.062,108.441,108.519,108.671,108.053,108.419,108.558,108.685,108.071,108.463
125,2019-06-18T21:00:00.000000000Z,20241,108.444,108.616,107.904,108.102,108.433,108.610,107.897,108.089,108.455,108.623,107.911,108.115
126,2019-06-19T21:00:00.000000000Z,26548,108.099,108.144,107.212,107.302,108.082,108.137,107.202,107.290,108.116,108.150,107.222,107.315
127,2019-06-20T21:00:00.000000000Z,21310,107.288,107.734,107.048,107.322,107.262,107.728,107.042,107.297,107.313,107.740,107.054,107.346
128,2019-06-23T21:00:00.000000000Z,13583,107.308,107.536,107.249,107.297,107.284,107.530,107.243,107.286,107.332,107.543,107.255,107.308
129,2019-06-24T21:00:00.000000000Z,24302,107.290,107.410,106.780,107.170,107.273,107.405,106.773,107.120,107.307,107.416,106.786,107.220
130,2019-06-25T21:00:00.000000000Z,17015,107.182,107.849,107.104,107.789,107.158,107.843,107.089,107.769,107.205,107.856,107.112,107.809
131,2019-06-26T21:00:00.000000000Z,16819,107.802,108.162,107.650,107.786,107.780,108.156,107.642,107.755,107.824,108.168,107.657,107.816
132,2019-06-27T21:00:00.000000000Z,14971,107.798,107.938,107.565,107.902,107.772,107.927,107.558,107.852,107.823,107.975,107.571,107.952
133,2019-06-28T21:00:00.000000000Z,1,107.912,107.912,107.912,107.912,107.862,107.862,107.862,107.862,107.962,107.962,107.962,107.962
134,2019-06-30T21:00:00.000000000Z,16335,108.201,108.534,108.104,108.442,108.154,108.528,108.097,108.425,108.248,108.540,108.111,108.458
135,2019-07-01T21:00:00.000000000Z,12584,108.442,108.475,107.768,107.904,108.425,108.469,107.761,107.854,108.458,108.487,107.775,107.954
136,2019-07-02T21:00:00.000000000Z,13707,107.899,107.920,107.536,107.825,107.875,107.900,107.530,107.790,107.923,107.941,107.541,107.860
137,2019-07-03T21:00:00.000000000Z,4801,107.818,107.842,107.708,107.822,107.770,107.836,107.703,107.804,107.865,107.869,107.714,107.841
138,2019-07-04T21:00:00.000000000Z,13141,107.816,108.638,107.784,108.474,107.795,108.632,107.753,108.448,107.836,108.644,107.791,108.501
139,2019-07-05T21:00:00.000000000Z,1,108.470,108.470,108.470,108.470,108.449,108.449,108.449,108.449,108.490,108.490,108.490,108.490
140,2019-07-07T21:00:00.000000000Z,9363,108.445,108.808,108.281,108.724,108.395,108.801,108.275,108.716,108.495,108.814,108.287,108.733
141,2019-07-08T21:00:00.000000000Z,9574,108.724,108.964,108.682,108.856,108.716,108.957,108.644,108.848,108.733,108.970,108.693,108.865
142,2019-07-09T21:00:00.000000000Z,13613,108.869,108.991,108.348,108.466,108.850,108.985,108.343,108.459,108.888,108.997,108.354,108.472
143,2019-07-10T21:00:00.000000000Z,15062,108.444,108.533,107.860,108.495,108.416,108.527,107.854,108.485,108.473,108.539,107.866,108.505
144,2019-07-11T21:00:00.000000000Z,13278,108.492,108.610,107.804,107.906,108.480,108.604,107.798,107.881,108.504,108.616,107.810,107.932
145,2019-07-12T21:00:00.000000000Z,1,107.902,107.902,107.902,107.902,107.876,107.876,107.876,107.876,107.928,107.928,107.928,107.928
146,2019-07-14T21:00:00.000000000Z,9571,107.916,108.110,107.800,107.909,107.866,108.104,107.794,107.896,107.966,108.116,107.806,107.922
147,2019-07-15T21:00:00.000000000Z,13110,107.914,108.375,107.822,108.240,107.898,108.369,107.815,108.222,107.929,108.381,107.830,108.258
148,2019-07-16T21:00:00.000000000Z,11053,108.244,108.327,107.943,107.950,108.223,108.321,107.932,107.941,108.264,108.333,107.954,107.958
149,2019-07-17T21:00:00.000000000Z,17832,107.992,108.016,107.212,107.296,107.942,108.010,107.205,107.285,108.042,108.042,107.218,107.306
150,2019-07-18T21:00:00.000000000Z,18195,107.296,107.978,107.216,107.726,107.285,107.971,107.207,107.676,107.306,107.985,107.226,107.776
151,2019-07-21T21:00:00.000000000Z,12385,107.777,108.068,107.702,107.872,107.727,108.062,107.674,107.860,107.827,108.077,107.710,107.885
152,2019-07-22T21:00:00.000000000Z,12120,107.864,108.290,107.827,108.228,107.846,108.285,107.821,108.206,107.883,108.296,107.833,108.250
153,2019-07-23T21:00:00.000000000Z,11125,108.223,108.276,107.932,108.188,108.202,108.269,107.924,108.166,108.244,108.283,107.939,108.211
154,2019-07-24T21:00:00.000000000Z,14964,108.153,108.756,108.044,108.636,108.120,108.749,108.037,108.628,108.186,108.763,108.050,108.645
155,2019-07-25T21:00:00.000000000Z,10843,108.640,108.830,108.562,108.679,108.617,108.823,108.555,108.629,108.664,108.837,108.568,108.729
156,2019-07-28T21:00:00.000000000Z,7468,108.666,108.900,108.423,108.782,108.617,108.893,108.417,108.771,108.716,108.906,108.429,108.792
157,2019-07-29T21:00:00.000000000Z,14003,108.784,108.948,108.454,108.606,108.775,108.941,108.447,108.588,108.792,108.954,108.462,108.625
158,2019-07-30T21:00:00.000000000Z,23977,108.615,109.000,108.492,108.764,108.585,108.993,108.485,108.750,108.645,109.009,108.498,108.779
159,2019-07-31T21:00:00.000000000Z,34394,108.784,109.320,107.257,107.350,108.751,109.311,107.250,107.326,108.816,109.330,107.264,107.374
160,2019-08-01T21:00:00.000000000Z,47569,107.358,107.567,106.510,106.594,107.324,107.559,106.502,106.553,107.392,107.575,106.518,106.634
161,2019-08-02T21:00:00.000000000Z,1,106.588,106.588,106.588,106.588,106.543,106.543,106.543,106.543,106.632,106.632,106.632,106.632
162,2019-08-04T21:00:00.000000000Z,48597,106.580,106.683,105.788,105.953,106.544,106.676,105.781,105.938,106.615,106.693,105.795,105.968
163,2019-08-05T21:00:00.000000000Z,47231,105.956,107.092,105.523,106.462,105.935,107.079,105.514,106.444,105.977,107.129,105.532,106.479
164,2019-08-06T21:00:00.000000000Z,51780,106.466,106.472,105.496,106.269,106.445,106.455,105.488,106.255,106.487,106.502,105.503,106.283
165,2019-08-07T21:00:00.000000000Z,30808,106.266,106.304,105.893,106.071,106.245,106.297,105.886,106.052,106.287,106.311,105.900,106.090
166,2019-08-08T21:00:00.000000000Z,28007,106.046,106.078,105.270,105.687,105.996,106.071,105.262,105.637,106.096,106.103,105.276,105.737
167,2019-08-09T21:00:00.000000000Z,1,105.680,105.680,105.680,105.680,105.630,105.630,105.630,105.630,105.730,105.730,105.730,105.730
168,2019-08-11T21:00:00.000000000Z,20147,105.593,105.694,105.050,105.304,105.548,105.686,105.044,105.285,105.638,105.703,105.057,105.322
169,2019-08-12T21:00:00.000000000Z,42437,105.292,106.978,105.068,106.744,105.261,106.970,105.062,106.734,105.322,106.986,105.075,106.755
170,2019-08-13T21:00:00.000000000Z,38989,106.736,106.772,105.654,105.912,106.720,106.757,105.646,105.895,106.752,106.798,105.662,105.929
171,2019-08-14T21:00:00.000000000Z,54547,105.862,106.782,105.702,106.110,105.839,106.769,105.696,106.074,105.885,106.800,105.708,106.147
172,2019-08-15T21:00:00.000000000Z,22290,106.085,106.495,106.026,106.370,106.035,106.489,106.020,106.335,106.135,106.501,106.033,106.405
173,2019-08-16T21:00:00.000000000Z,1,106.364,106.364,106.364,106.364,106.339,106.339,106.339,106.339,106.390,106.390,106.390,106.390
174,2019-08-18T21:00:00.000000000Z,15345,106.285,106.698,106.248,106.632,106.239,106.691,106.215,106.618,106.331,106.704,106.254,106.647
175,2019-08-19T21:00:00.000000000Z,15867,106.634,106.692,106.164,106.232,106.624,106.685,106.156,106.220,106.645,106.698,106.171,106.244
176,2019-08-20T21:00:00.000000000Z,13278,106.236,106.648,106.228,106.617,106.219,106.641,106.214,106.599,106.253,106.654,106.243,106.635
177,2019-08-21T21:00:00.000000000Z,17038,106.626,106.652,106.252,106.440,106.607,106.645,106.244,106.390,106.644,106.660,106.259,106.490
178,2019-08-22T21:00:00.000000000Z,37643,106.432,106.734,105.254,105.406,106.405,106.728,105.247,105.356,106.459,106.741,105.261,105.456
179,2019-08-23T21:00:00.000000000Z,1,105.398,105.398,105.398,105.398,105.348,105.348,105.348,105.348,105.448,105.448,105.448,105.448
180,2019-08-25T21:00:00.000000000Z,61095,105.024,106.412,104.454,106.130,104.974,106.401,104.438,106.080,105.074,106.427,104.470,106.180
181,2019-08-26T21:00:00.000000000Z,25928,106.150,106.163,105.590,105.758,106.100,106.144,105.584,105.734,106.200,106.213,105.597,105.782
182,2019-08-27T21:00:00.000000000Z,22898,105.762,106.228,105.652,106.122,105.713,106.221,105.639,106.101,105.812,106.238,105.658,106.143
183,2019-08-28T21:00:00.000000000Z,23758,106.117,106.683,105.828,106.516,106.092,106.677,105.822,106.500,106.142,106.690,105.835,106.532
184,2019-08-29T21:00:00.000000000Z,19569,106.523,106.546,106.106,106.284,106.496,106.539,106.099,106.234,106.550,106.552,106.112,106.334
185,2019-08-30T21:00:00.000000000Z,1,106.277,106.277,106.277,106.277,106.227,106.227,106.227,106.227,106.327,106.327,106.327,106.327
186,2019-09-01T21:00:00.000000000Z,11202,106.059,106.400,105.932,106.223,106.009,106.394,105.901,106.179,106.109,106.405,105.956,106.267
187,2019-09-02T21:00:00.000000000Z,23087,106.236,106.385,105.740,105.946,106.191,106.379,105.733,105.914,106.281,106.392,105.747,105.978
188,2019-09-03T21:00:00.000000000Z,16797,105.957,106.448,105.830,106.408,105.936,106.440,105.825,106.358,105.978,106.458,105.836,106.458
189,2019-09-04T21:00:00.000000000Z,22320,106.379,107.232,106.328,106.947,106.329,107.224,106.320,106.920,106.429,107.240,106.336,106.974
190,2019-09-05T21:00:00.000000000Z,20931,106.936,107.102,106.624,106.918,106.892,107.096,106.617,106.903,106.979,107.109,106.631,106.933
191,2019-09-08T21:00:00.000000000Z,14900,106.866,107.274,106.765,107.242,106.828,107.267,106.758,107.227,106.903,107.282,106.772,107.258
192,2019-09-09T21:00:00.000000000Z,17852,107.248,107.590,107.182,107.542,107.229,107.580,107.175,107.525,107.266,107.599,107.190,107.559
193,2019-09-10T21:00:00.000000000Z,13724,107.532,107.857,107.500,107.830,107.503,107.850,107.487,107.796,107.561,107.879,107.508,107.864
194,2019-09-11T21:00:00.000000000Z,31791,107.826,108.188,107.522,108.112,107.792,108.182,107.516,108.071,107.860,108.195,107.529,108.154
195,2019-09-12T21:00:00.000000000Z,15934,108.108,108.260,107.905,108.096,108.058,108.254,107.896,108.046,108.158,108.267,107.914,108.146
196,2019-09-13T21:00:00.000000000Z,1,108.101,108.101,108.101,108.101,108.051,108.051,108.051,108.051,108.151,108.151,108.151,108.151
197,2019-09-15T21:00:00.000000000Z,22644,107.486,108.170,107.486,108.146,107.466,108.162,107.464,108.125,107.506,108.178,107.505,108.167
198,2019-09-16T21:00:00.000000000Z,17914,108.156,108.371,108.022,108.118,108.141,108.363,108.015,108.105,108.172,108.379,108.028,108.132
199,2019-09-17T21:00:00.000000000Z,16198,108.124,108.476,108.086,108.448,108.106,108.469,108.080,108.435,108.141,108.483,108.093,108.461
200,2019-09-18T21:00:00.000000000Z,21375,108.430,108.474,107.788,108.048,108.405,108.466,107.782,107.998,108.455,108.481,107.795,108.098
201,2019-09-19T21:00:00.000000000Z,16306,108.024,108.088,107.529,107.565,108.003,108.081,107.517,107.544,108.046,108.094,107.538,107.586
202,2019-09-20T21:00:00.000000000Z,1,107.554,107.554,107.554,107.554,107.507,107.507,107.507,107.507,107.602,107.602,107.602,107.602
203,2019-09-22T21:00:00.000000000Z,14691,107.718,107.769,107.310,107.546,107.695,107.761,107.304,107.534,107.741,107.798,107.316,107.557
204,2019-09-23T21:00:00.000000000Z,24031,107.548,107.798,106.962,107.081,107.528,107.790,106.956,107.039,107.569,107.806,106.969,107.123
205,2019-09-24T21:00:00.000000000Z,24162,107.086,107.884,107.002,107.770,107.047,107.877,106.985,107.758,107.126,107.892,107.008,107.781
206,2019-09-25T21:00:00.000000000Z,18932,107.757,107.958,107.425,107.840,107.732,107.952,107.419,107.829,107.782,107.965,107.431,107.850
207,2019-09-26T21:00:00.000000000Z,23568,107.836,108.182,107.658,107.935,107.812,108.175,107.650,107.885,107.859,108.188,107.666,107.985
208,2019-09-29T21:00:00.000000000Z,16395,107.952,108.179,107.744,108.074,107.909,108.172,107.738,108.064,107.995,108.186,107.751,108.085
209,2019-09-30T21:00:00.000000000Z,21521,108.086,108.470,107.628,107.752,108.068,108.463,107.620,107.735,108.103,108.477,107.635,107.769
210,2019-10-01T21:00:00.000000000Z,21616,107.744,107.892,107.048,107.182,107.727,107.885,107.038,107.174,107.761,107.899,107.054,107.191
211,2019-10-02T21:00:00.000000000Z,28577,107.188,107.298,106.484,106.916,107.169,107.292,106.478,106.897,107.208,107.305,106.491,106.935
212,2019-10-03T21:00:00.000000000Z,21453,106.923,107.134,106.585,106.922,106.910,107.128,106.535,106.878,106.936,107.141,106.626,106.966
213,2019-10-06T21:00:00.000000000Z,17103,106.666,107.466,106.656,107.254,106.644,107.458,106.643,107.204,106.688,107.475,106.670,107.304
214,2019-10-07T21:00:00.000000000Z,27006,107.258,107.444,106.806,107.087,107.234,107.437,106.797,107.076,107.281,107.450,106.813,107.098
215,2019-10-08T21:00:00.000000000Z,16701,107.070,107.630,106.936,107.483,107.050,107.621,106.929,107.473,107.091,107.638,106.942,107.493
216,2019-10-09T21:00:00.000000000Z,32548,107.470,108.020,107.034,107.953,107.451,108.010,107.024,107.913,107.489,108.031,107.044,107.993
217,2019-10-10T21:00:00.000000000Z,29922,107.972,108.628,107.850,108.431,107.940,108.614,107.804,108.381,108.003,108.666,107.856,108.481
218,2019-10-11T21:00:00.000000000Z,1,108.426,108.426,108.426,108.426,108.376,108.376,108.376,108.376,108.476,108.476,108.476,108.476
219,2019-10-13T21:00:00.000000000Z,13826,108.366,108.522,108.032,108.397,108.329,108.515,108.026,108.383,108.404,108.533,108.039,108.411
220,2019-10-14T21:00:00.000000000Z,16588,108.412,108.899,108.157,108.862,108.385,108.893,108.150,108.847,108.440,108.906,108.163,108.877
221,2019-10-15T21:00:00.000000000Z,20424,108.858,108.866,108.566,108.764,108.836,108.857,108.553,108.745,108.879,108.879,108.579,108.784
222,2019-10-16T21:00:00.000000000Z,19803,108.769,108.940,108.452,108.654,108.736,108.933,108.444,108.632,108.802,108.948,108.459,108.677
223,2019-10-17T21:00:00.000000000Z,14156,108.668,108.722,108.386,108.423,108.632,108.717,108.358,108.373,108.703,108.728,108.393,108.473
224,2019-10-20T21:00:00.000000000Z,9486,108.423,108.663,108.423,108.609,108.373,108.656,108.373,108.587,108.473,108.670,108.455,108.631
225,2019-10-21T21:00:00.000000000Z,10472,108.597,108.728,108.442,108.486,108.566,108.721,108.436,108.476,108.628,108.735,108.449,108.495
226,2019-10-22T21:00:00.000000000Z,12656,108.484,108.702,108.250,108.692,108.470,108.696,108.243,108.684,108.497,108.709,108.256,108.700
227,2019-10-23T21:00:00.000000000Z,11516,108.677,108.753,108.496,108.627,108.660,108.747,108.489,108.616,108.694,108.759,108.502,108.638
228,2019-10-24T21:00:00.000000000Z,8993,108.608,108.774,108.510,108.668,108.589,108.769,108.505,108.650,108.628,108.780,108.515,108.687
229,2019-10-27T21:00:00.000000000Z,7942,108.736,109.039,108.658,108.966,108.704,109.033,108.643,108.958,108.769,109.045,108.665,108.974
230,2019-10-28T21:00:00.000000000Z,8812,108.958,109.067,108.756,108.888,108.932,109.060,108.740,108.877,108.983,109.074,108.766,108.898
231,2019-10-29T21:00:00.000000000Z,13814,108.894,109.287,108.721,108.842,108.872,109.281,108.714,108.792,108.915,109.293,108.728,108.892
232,2019-10-30T21:00:00.000000000Z,16700,108.835,108.900,107.928,108.028,108.785,108.886,107.920,108.019,108.885,108.915,107.935,108.037
233,2019-10-31T21:00:00.000000000Z,12622,108.036,108.326,107.888,108.185,108.016,108.318,107.881,108.147,108.056,108.333,107.896,108.223
234,2019-11-03T22:00:00.000000000Z,7106,108.239,108.650,108.186,108.578,108.217,108.643,108.156,108.572,108.261,108.656,108.203,108.585
235,2019-11-04T22:00:00.000000000Z,12635,108.583,109.242,108.561,109.160,108.560,109.235,108.537,109.145,108.606,109.289,108.582,109.175
236,2019-11-05T22:00:00.000000000Z,11144,109.164,109.182,108.818,108.978,109.147,109.176,108.811,108.960,109.182,109.225,108.824,108.995
237,2019-11-06T22:00:00.000000000Z,17932,108.966,109.488,108.648,109.284,108.932,109.482,108.642,109.268,109.000,109.494,108.654,109.301
238,2019-11-07T22:00:00.000000000Z,14209,109.290,109.477,109.078,109.249,109.269,109.471,109.071,109.199,109.311,109.483,109.085,109.299
239,2019-11-10T22:00:00.000000000Z,6768,109.218,109.255,108.898,109.050,109.190,109.249,108.891,109.032,109.246,109.261,108.904,109.069
240,2019-11-11T22:00:00.000000000Z,10887,109.058,109.295,108.924,109.028,109.028,109.289,108.918,109.014,109.088,109.301,108.931,109.042
241,2019-11-12T22:00:00.000000000Z,12202,109.016,109.149,108.656,108.817,109.001,109.143,108.650,108.805,109.032,109.155,108.663,108.829
242,2019-11-13T22:00:00.000000000Z,12907,108.826,108.864,108.242,108.405,108.799,108.858,108.226,108.385,108.852,108.870,108.251,108.425
243,2019-11-14T22:00:00.000000000Z,9371,108.396,108.854,108.386,108.778,108.375,108.849,108.341,108.753,108.416,108.861,108.396,108.804
244,2019-11-17T22:00:00.000000000Z,10469,108.802,109.073,108.512,108.679,108.756,109.067,108.506,108.669,108.849,109.079,108.518,108.689
245,2019-11-18T22:00:00.000000000Z,11402,108.682,108.836,108.454,108.540,108.669,108.829,108.448,108.529,108.695,108.842,108.460,108.551
246,2019-11-19T22:00:00.000000000Z,18024,108.546,108.740,108.349,108.608,108.528,108.734,108.341,108.590,108.564,108.747,108.357,108.626
247,2019-11-20T22:00:00.000000000Z,18410,108.594,108.700,108.280,108.612,108.553,108.693,108.273,108.562,108.635,108.706,108.286,108.662
248,2019-11-21T22:00:00.000000000Z,11557,108.632,108.732,108.478,108.651,108.610,108.726,108.471,108.621,108.654,108.738,108.485,108.681
249,2019-11-24T22:00:00.000000000Z,8576,108.673,108.978,108.638,108.924,108.628,108.972,108.588,108.904,108.718,108.985,108.677,108.945
250,2019-11-25T22:00:00.000000000Z,11263,108.940,109.208,108.875,109.062,108.896,109.200,108.869,109.012,108.984,109.215,108.881,109.112
251,2019-11-26T22:00:00.000000000Z,7474,109.042,109.610,109.016,109.537,109.014,109.603,108.987,109.516,109.070,109.616,109.037,109.558
252,2019-11-27T22:00:00.000000000Z,6904,109.548,109.564,109.334,109.514,109.518,109.544,109.328,109.497,109.577,109.602,109.341,109.531
253,2019-11-28T22:00:00.000000000Z,9720,109.522,109.669,109.399,109.500,109.487,109.663,109.392,109.450,109.556,109.675,109.406,109.550
254,2019-12-01T22:00:00.000000000Z,12637,109.538,109.726,108.926,108.978,109.501,109.720,108.919,108.964,109.576,109.733,108.932,108.992
255,2019-12-02T22:00:00.000000000Z,17232,108.990,109.206,108.484,108.635,108.959,109.200,108.478,108.628,109.020,109.214,108.490,108.642
256,2019-12-03T22:00:00.000000000Z,15429,108.632,108.964,108.430,108.868,108.621,108.958,108.424,108.859,108.643,108.970,108.435,108.878
257,2019-12-04T22:00:00.000000000Z,11669,108.866,108.998,108.658,108.758,108.849,108.991,108.642,108.745,108.882,109.004,108.664,108.772
258,2019-12-05T22:00:00.000000000Z,11736,108.755,108.923,108.520,108.586,108.734,108.916,108.473,108.537,108.776,108.930,108.534,108.635
259,2019-12-08T22:00:00.000000000Z,6201,108.586,108.677,108.430,108.553,108.537,108.671,108.424,108.503,108.635,108.683,108.435,108.603
260,2019-12-09T22:00:00.000000000Z,10088,108.562,108.769,108.514,108.733,108.538,108.763,108.508,108.683,108.586,108.783,108.521,108.783
261,2019-12-10T22:00:00.000000000Z,9105,108.745,108.857,108.466,108.558,108.723,108.848,108.460,108.544,108.767,108.868,108.473,108.573
262,2019-12-11T22:00:00.000000000Z,17215,108.562,109.450,108.458,109.307,108.547,109.441,108.452,109.257,108.577,109.462,108.464,109.357
263,2019-12-12T22:00:00.000000000Z,25966,109.318,109.705,109.208,109.348,109.268,109.698,109.178,109.333,109.368,109.712,109.216,109.362
264,2019-12-15T22:00:00.000000000Z,7245,109.303,109.675,109.282,109.554,109.279,109.668,109.254,109.531,109.327,109.682,109.309,109.576
265,2019-12-16T22:00:00.000000000Z,6785,109.542,109.634,109.444,109.492,109.519,109.628,109.439,109.480,109.566,109.656,109.450,109.504
266,2019-12-17T22:00:00.000000000Z,6714,109.508,109.629,109.400,109.571,109.458,109.623,109.394,109.521,109.558,109.635,109.406,109.621
267,2019-12-18T22:00:00.000000000Z,7515,109.576,109.684,109.184,109.359,109.526,109.676,109.178,109.311,109.626,109.691,109.189,109.407
268,2019-12-19T22:00:00.000000000Z,6223,109.370,109.526,109.255,109.443,109.353,109.519,109.248,109.393,109.387,109.533,109.262,109.493
269,2019-12-22T22:00:00.000000000Z,5167,109.460,109.538,109.340,109.392,109.410,109.532,109.333,109.370,109.510,109.545,109.347,109.414
270,2019-12-23T22:00:00.000000000Z,6524,109.396,109.440,109.328,109.398,109.364,109.434,109.321,109.364,109.429,109.451,109.335,109.431
271,2019-12-25T22:00:00.000000000Z,4333,109.398,109.684,109.346,109.639,109.364,109.677,109.313,109.589,109.431,109.692,109.371,109.689
272,2019-12-26T22:00:00.000000000Z,13033,109.597,109.602,109.390,109.453,109.547,109.587,109.383,109.403,109.647,109.652,109.396,109.503
273,2019-12-29T22:00:00.000000000Z,8485,109.419,109.480,108.768,108.880,109.369,109.456,108.761,108.870,109.469,109.526,108.774,108.891
274,2019-12-30T22:00:00.000000000Z,7758,108.885,108.886,108.470,108.628,108.866,108.873,108.463,108.585,108.904,108.917,108.477,108.670
275,2020-01-01T22:00:00.000000000Z,8353,108.651,108.866,108.212,108.561,108.601,108.859,108.206,108.511,108.701,108.872,108.219,108.611
276,2020-01-02T22:00:00.000000000Z,21241,108.568,108.630,107.842,108.110,108.550,108.623,107.835,108.060,108.585,108.637,107.849,108.160
277,2020-01-05T22:00:00.000000000Z,15195,107.879,108.506,107.772,108.372,107.854,108.500,107.764,108.362,107.904,108.513,107.780,108.381
278,2020-01-06T22:00:00.000000000Z,13768,108.353,108.630,108.262,108.460,108.303,108.623,108.255,108.438,108.403,108.636,108.268,108.481
279,2020-01-07T22:00:00.000000000Z,41311,108.455,109.246,107.650,109.134,108.436,109.239,107.644,109.103,108.474,109.253,107.656,109.166
280,2020-01-08T22:00:00.000000000Z,13709,109.092,109.580,109.014,109.524,109.042,109.575,109.006,109.515,109.142,109.588,109.021,109.532
281,2020-01-09T22:00:00.000000000Z,8839,109.517,109.688,109.433,109.471,109.503,109.680,109.417,109.445,109.531,109.697,109.443,109.497
282,2020-01-12T22:00:00.000000000Z,32719,109.528,109.947,109.512,109.944,109.506,109.941,109.494,109.934,109.550,109.966,109.526,109.953
283,2020-01-13T22:00:00.000000000Z,53831,109.946,110.214,109.854,109.996,109.937,110.205,109.846,109.979,109.955,110.224,109.861,110.012
284,2020-01-14T22:00:00.000000000Z,42899,109.990,110.010,109.790,109.900,109.965,109.998,109.783,109.887,110.016,110.032,109.796,109.913
285,2020-01-15T22:00:00.000000000Z,34262,109.896,110.178,109.857,110.170,109.880,110.171,109.838,110.128,109.912,110.211,109.864,110.211
286,2020-01-16T22:00:00.000000000Z,34329,110.164,110.289,110.047,110.156,110.116,110.282,110.040,110.106,110.213,110.296,110.054,110.206
287,2020-01-19T22:00:00.000000000Z,18991,110.088,110.218,110.078,110.184,110.071,110.212,110.056,110.173,110.104,110.225,110.099,110.194
288,2020-01-20T22:00:00.000000000Z,51445,110.188,110.222,109.762,109.870,110.177,110.216,109.756,109.852,110.198,110.229,109.768,109.887
289,2020-01-21T22:00:00.000000000Z,41126,109.862,110.100,109.832,109.838,109.812,110.092,109.812,109.828,109.912,110.108,109.838,109.848
290,2020-01-22T22:00:00.000000000Z,58998,109.835,109.864,109.265,109.494,109.816,109.848,109.259,109.478,109.854,109.881,109.271,109.509
291,2020-01-23T22:00:00.000000000Z,55790,109.490,109.654,109.173,109.279,109.469,109.648,109.166,109.257,109.512,109.660,109.179,109.301
292,2020-01-26T22:00:00.000000000Z,86572,108.940,109.138,108.732,108.896,108.890,109.132,108.724,108.886,108.990,109.144,108.739,108.905
293,2020-01-27T22:00:00.000000000Z,64011,108.891,109.203,108.756,109.148,108.874,109.196,108.750,109.138,108.908,109.210,108.762,109.157
294,2020-01-28T22:00:00.000000000Z,58942,109.143,109.266,108.976,109.020,109.093,109.258,108.969,109.010,109.193,109.287,108.983,109.029
295,2020-01-29T22:00:00.000000000Z,96366,109.012,109.075,108.584,108.960,108.962,109.057,108.576,108.934,109.062,109.125,108.590,108.986
296,2020-01-30T22:00:00.000000000Z,89678,108.964,109.135,108.307,108.358,108.916,109.129,108.283,108.308,109.013,109.141,108.319,108.408
297,2020-02-02T22:00:00.000000000Z,85789,108.432,108.799,108.318,108.683,108.382,108.793,108.303,108.657,108.482,108.824,108.329,108.709
298,2020-02-03T22:00:00.000000000Z,66432,108.688,109.546,108.550,109.525,108.655,109.540,108.544,109.518,108.720,109.552,108.555,109.532
299,2020-02-04T22:00:00.000000000Z,77095,109.524,109.848,109.304,109.830,109.515,109.840,109.298,109.817,109.532,109.856,109.310,109.843
300,2020-02-05T22:00:00.000000000Z,55418,109.824,110.004,109.743,109.996,109.796,109.998,109.693,109.986,109.852,110.011,109.785,110.007
301,2020-02-06T22:00:00.000000000Z,68129,109.992,110.022,109.532,109.749,109.980,110.012,109.526,109.699,110.005,110.047,109.539,109.799
302,2020-02-09T22:00:00.000000000Z,61546,109.688,109.879,109.562,109.775,109.672,109.873,109.556,109.769,109.705,109.885,109.569,109.781
303,2020-02-10T22:00:00.000000000Z,45837,109.771,109.966,109.728,109.789,109.721,109.958,109.708,109.783,109.821,109.973,109.734,109.795
304,2020-02-11T22:00:00.000000000Z,44585,109.788,110.136,109.772,110.095,109.780,110.129,109.761,110.084,109.795,110.182,109.783,110.106
305,2020-02-12T22:00:00.000000000Z,68896,110.089,110.094,109.619,109.826,110.058,110.083,109.611,109.808,110.120,110.120,109.626,109.844
306,2020-02-13T22:00:00.000000000Z,45980,109.819,109.912,109.698,109.781,109.769,109.906,109.692,109.766,109.869,109.918,109.705,109.796
307,2020-02-16T22:00:00.000000000Z,25313,109.869,109.961,109.720,109.880,109.843,109.955,109.712,109.862,109.895,109.967,109.726,109.897
308,2020-02-17T22:00:00.000000000Z,56823,109.872,109.948,109.658,109.872,109.834,109.943,109.652,109.865,109.911,109.954,109.664,109.878
309,2020-02-18T22:00:00.000000000Z,61963,109.870,111.594,109.854,111.364,109.859,111.587,109.832,111.342,109.881,111.600,109.864,111.385
310,2020-02-19T22:00:00.000000000Z,110472,111.360,112.228,111.112,112.110,111.312,112.219,111.080,112.084,111.407,112.236,111.119,112.137
311,2020-02-20T22:00:00.000000000Z,96218,112.098,112.188,111.474,111.549,112.061,112.181,111.457,111.499,112.134,112.194,111.485,111.599
312,2020-02-23T22:00:00.000000000Z,125852,111.269,111.683,110.333,110.720,111.233,111.677,110.326,110.696,111.305,111.689,110.340,110.745
313,2020-02-24T22:00:00.000000000Z,175264,110.711,111.042,109.890,110.204,110.661,111.036,109.883,110.192,110.761,111.049,109.897,110.216
314,2020-02-25T22:00:00.000000000Z,188052,110.196,110.703,110.130,110.419,110.166,110.696,110.124,110.409,110.227,110.710,110.136,110.429
315,2020-02-26T22:00:00.000000000Z,234573,110.426,110.457,109.568,109.589,110.393,110.450,109.555,109.572,110.460,110.478,109.579,109.606
316,2020-02-27T22:00:00.000000000Z,296493,109.600,109.682,107.512,108.064,109.558,109.676,107.503,108.014,109.642,109.698,107.520,108.114
317,2020-03-01T22:00:00.000000000Z,258639,107.413,108.579,107.376,108.331,107.363,108.572,107.347,108.281,107.463,108.586,107.399,108.381
318,2020-03-02T22:00:00.000000000Z,240585,108.306,108.537,106.930,107.112,108.256,108.530,106.923,107.091,108.356,108.544,106.938,107.134
319,2020-03-03T22:00:00.000000000Z,162348,107.130,107.690,106.848,107.536,107.080,107.682,106.842,107.519,107.180,107.698,106.855,107.554
320,2020-03-04T22:00:00.000000000Z,158237,107.532,107.742,105.975,106.168,107.499,107.734,105.956,106.150,107.564,107.750,105.984,106.185
321,2020-03-05T22:00:00.000000000Z,259828,106.159,106.345,104.993,105.362,106.147,106.339,104.986,105.312,106.171,106.351,105.000,105.412
322,2020-03-08T21:00:00.000000000Z,260644,105.362,105.362,101.180,102.369,105.312,105.312,101.170,102.349,105.412,105.412,101.190,102.389
323,2020-03-09T21:00:00.000000000Z,285729,102.369,105.924,102.011,105.638,102.349,105.913,101.997,105.613,102.389,105.935,102.025,105.663
324,2020-03-10T21:00:00.000000000Z,236043,105.638,105.650,104.098,104.533,105.613,105.613,104.085,104.483,105.663,105.700,104.109,104.583
325,2020-03-11T21:00:00.000000000Z,266917,104.533,106.105,103.084,104.634,104.483,106.090,103.069,104.618,104.583,106.122,103.097,104.650
326,2020-03-12T21:00:00.000000000Z,257244,104.634,108.510,104.509,107.887,104.618,108.493,104.497,107.837,104.650,108.530,104.521,107.937
327,2020-03-15T21:00:00.000000000Z,255879,107.062,107.570,105.148,105.851,107.012,107.554,105.136,105.801,107.112,107.590,105.160,105.901
328,2020-03-16T21:00:00.000000000Z,318875,105.851,107.864,105.851,107.684,105.801,107.856,105.801,107.655,105.901,107.874,105.901,107.714
329,2020-03-17T21:00:00.000000000Z,269769,107.684,108.658,106.754,108.081,107.655,108.647,106.744,108.031,107.714,108.669,106.764,108.131
330,2020-03-18T21:00:00.000000000Z,297270,108.081,110.956,107.873,110.707,108.031,110.948,107.823,110.676,108.131,110.966,107.923,110.738
331,2020-03-19T21:00:00.000000000Z,213790,110.711,111.508,109.335,110.793,110.685,111.499,109.321,110.743,110.737,111.518,109.347,110.843
332,2020-03-22T21:00:00.000000000Z,227588,110.823,111.596,109.670,111.242,110.773,111.586,109.659,111.192,110.873,111.607,109.680,111.291
333,2020-03-23T21:00:00.000000000Z,186928,111.242,111.717,110.085,111.221,111.192,111.707,110.071,111.197,111.291,111.730,110.099,111.245
334,2020-03-24T21:00:00.000000000Z,174836,111.221,111.682,110.754,111.208,111.197,111.674,110.743,111.191,111.245,111.690,110.763,111.224
335,2020-03-25T21:00:00.000000000Z,192015,111.208,111.298,109.207,109.627,111.191,111.268,109.198,109.577,111.224,111.339,109.216,109.677
336,2020-03-26T21:00:00.000000000Z,143340,109.627,109.747,107.758,108.014,109.577,109.697,107.729,107.964,109.677,109.797,107.769,108.064
337,2020-03-29T21:00:00.000000000Z,118156,107.725,108.296,107.126,107.778,107.675,108.287,107.116,107.728,107.775,108.306,107.135,107.828
338,2020-03-30T21:00:00.000000000Z,149494,107.778,108.730,107.462,107.557,107.728,108.721,107.454,107.507,107.828,108.766,107.471,107.607
339,2020-03-31T21:00:00.000000000Z,115253,107.557,107.941,106.918,107.172,107.507,107.930,106.908,107.154,107.607,107.952,106.929,107.191
340,2020-04-01T21:00:00.000000000Z,102228,107.172,108.095,107.018,107.884,107.154,108.086,107.005,107.845,107.191,108.104,107.028,107.922
341,2020-04-02T21:00:00.000000000Z,89142,107.884,108.678,107.802,108.528,107.845,108.667,107.794,108.478,107.922,108.688,107.811,108.578
342,2020-04-05T21:00:00.000000000Z,90673,108.382,109.383,108.369,109.224,108.332,109.373,108.319,109.196,108.432,109.393,108.403,109.252
343,2020-04-06T21:00:00.000000000Z,96199,109.224,109.280,108.672,108.766,109.196,109.266,108.665,108.733,109.252,109.294,108.680,108.799
344,2020-04-07T21:00:00.000000000Z,84646,108.766,109.102,108.506,108.830,108.733,109.095,108.498,108.806,108.799,109.109,108.514,108.854
345,2020-04-08T21:00:00.000000000Z,94182,108.830,109.064,108.208,108.495,108.806,109.056,108.196,108.445,108.854,109.071,108.218,108.545
346,2020-04-09T21:00:00.000000000Z,12024,108.495,108.590,108.327,108.465,108.445,108.575,108.287,108.415,108.545,108.615,108.341,108.515
347,2020-04-12T21:00:00.000000000Z,60497,108.403,108.528,107.502,107.768,108.353,108.512,107.494,107.732,108.453,108.569,107.510,107.803
348,2020-04-13T21:00:00.000000000Z,68151,107.768,107.772,106.983,107.218,107.732,107.753,106.975,107.200,107.803,107.811,106.990,107.235
349,2020-04-14T21:00:00.000000000Z,87169,107.218,107.866,106.926,107.438,107.200,107.842,106.919,107.388,107.235,107.911,106.934,107.488
350,2020-04-15T21:00:00.000000000Z,93278,107.438,108.084,107.165,107.910,107.388,108.077,107.158,107.885,107.488,108.092,107.172,107.935
351,2020-04-16T21:00:00.000000000Z,90723,107.910,108.085,107.302,107.548,107.885,108.077,107.295,107.498,107.935,108.111,107.309,107.598
352,2020-04-19T21:00:00.000000000Z,65784,107.539,107.951,107.476,107.626,107.489,107.944,107.426,107.614,107.589,107.958,107.517,107.638
353,2020-04-20T21:00:00.000000000Z,84443,107.632,107.896,107.282,107.766,107.582,107.887,107.275,107.749,107.682,107.904,107.289,107.782
354,2020-04-21T21:00:00.000000000Z,61936,107.788,107.938,107.516,107.746,107.738,107.931,107.509,107.733,107.838,107.950,107.523,107.758
355,2020-04-22T21:00:00.000000000Z,76003,107.756,108.044,107.348,107.613,107.706,108.036,107.341,107.563,107.806,108.053,107.354,107.663
356,2020-04-23T21:00:00.000000000Z,65453,107.590,107.761,107.372,107.503,107.540,107.754,107.363,107.453,107.640,107.769,107.380,107.553
357,2020-04-26T21:00:00.000000000Z,66003,107.574,107.624,106.994,107.259,107.524,107.617,106.988,107.240,107.624,107.650,107.000,107.278
358,2020-04-27T21:00:00.000000000Z,69236,107.201,107.340,106.560,106.868,107.151,107.333,106.551,106.857,107.251,107.347,106.567,106.880
359,2020-04-28T21:00:00.000000000Z,66189,106.865,106.892,106.360,106.707,106.846,106.879,106.353,106.657,106.884,106.925,106.367,106.757
360,2020-04-29T21:00:00.000000000Z,94465,106.700,107.499,106.407,107.199,106.650,107.492,106.400,107.149,106.750,107.506,106.414,107.249
361,2020-04-30T21:00:00.000000000Z,61849,107.192,107.406,106.607,106.916,107.142,107.399,106.600,106.866,107.242,107.414,106.614,106.966
362,2020-05-03T21:00:00.000000000Z,58911,106.867,107.070,106.634,106.725,106.817,107.064,106.622,106.709,106.917,107.076,106.642,106.741
363,2020-05-04T21:00:00.000000000Z,55280,106.737,106.896,106.416,106.550,106.687,106.889,106.409,106.508,106.787,106.902,106.424,106.593
364,2020-05-05T21:00:00.000000000Z,66075,106.569,106.620,105.988,106.102,106.519,106.570,105.978,106.082,106.619,106.670,105.995,106.122
365,2020-05-06T21:00:00.000000000Z,69839,106.119,106.656,105.992,106.268,106.069,106.650,105.984,106.253,106.169,106.664,105.999,106.284
366,2020-05-07T21:00:00.000000000Z,58939,106.275,106.751,106.222,106.640,106.225,106.742,106.214,106.590,106.325,106.760,106.228,106.690
367,2020-05-10T21:00:00.000000000Z,70815,106.540,107.769,106.506,107.656,106.490,107.762,106.456,107.635,106.590,107.776,106.556,107.677
368,2020-05-11T21:00:00.000000000Z,62663,107.669,107.693,107.124,107.148,107.619,107.683,107.110,107.132,107.719,107.738,107.133,107.164
369,2020-05-12T21:00:00.000000000Z,66521,107.154,107.279,106.744,107.038,107.109,107.271,106.735,107.020,107.199,107.288,106.751,107.055
370,2020-05-13T21:00:00.000000000Z,61652,107.046,107.366,106.776,107.236,106.996,107.359,106.769,107.217,107.096,107.375,106.784,107.254
371,2020-05-14T21:00:00.000000000Z,61586,107.249,107.434,106.857,107.074,107.199,107.427,106.850,107.027,107.299,107.442,106.864,107.122
372,2020-05-17T21:00:00.000000000Z,58030,107.114,107.506,107.069,107.314,107.077,107.499,107.056,107.285,107.152,107.513,107.075,107.343
373,2020-05-18T21:00:00.000000000Z,66548,107.336,108.088,107.294,107.699,107.286,108.081,107.253,107.687,107.386,108.096,107.308,107.711
374,2020-05-19T21:00:00.000000000Z,53875,107.694,107.985,107.336,107.545,107.667,107.978,107.330,107.498,107.722,107.992,107.343,107.592
375,2020-05-20T21:00:00.000000000Z,54261,107.538,107.850,107.510,107.608,107.488,107.843,107.460,107.598,107.588,107.856,107.542,107.619
376,2020-05-21T21:00:00.000000000Z,47151,107.624,107.762,107.323,107.635,107.575,107.755,107.317,107.585,107.674,107.770,107.329,107.685
377,2020-05-24T21:00:00.000000000Z,28370,107.609,107.784,107.567,107.716,107.559,107.776,107.517,107.672,107.659,107.791,107.617,107.759
378,2020-05-25T21:00:00.000000000Z,54938,107.697,107.924,107.402,107.562,107.647,107.917,107.396,107.512,107.747,107.931,107.408,107.612
379,2020-05-26T21:00:00.000000000Z,75917,107.577,107.947,107.365,107.722,107.527,107.940,107.358,107.708,107.627,107.954,107.372,107.735
380,2020-05-27T21:00:00.000000000Z,68906,107.724,107.902,107.571,107.639,107.707,107.895,107.564,107.590,107.741,107.920,107.578,107.688
381,2020-05-28T21:00:00.000000000Z,85924,107.648,107.894,107.084,107.821,107.605,107.884,107.069,107.771,107.691,107.904,107.092,107.871
382,2020-05-31T21:00:00.000000000Z,64270,107.821,107.856,107.380,107.592,107.771,107.848,107.370,107.581,107.871,107.871,107.390,107.603
383,2020-06-01T21:00:00.000000000Z,77594,107.577,108.773,107.514,108.680,107.536,108.766,107.506,108.663,107.618,108.780,107.522,108.698
384,2020-06-02T21:00:00.000000000Z,83199,108.685,108.984,108.424,108.904,108.654,108.977,108.417,108.889,108.716,108.996,108.431,108.918
385,2020-06-03T21:00:00.000000000Z,89207,108.900,109.198,108.618,109.157,108.853,109.192,108.609,109.136,108.946,109.205,108.627,109.178
386,2020-06-04T21:00:00.000000000Z,79534,109.146,109.850,109.041,109.590,109.125,109.843,109.030,109.568,109.167,109.861,109.052,109.612
387,2020-06-07T21:00:00.000000000Z,70717,109.585,109.694,108.236,108.430,109.535,109.686,108.229,108.419,109.635,109.702,108.243,108.440
388,2020-06-08T21:00:00.000000000Z,85681,108.440,108.546,107.622,107.755,108.394,108.537,107.615,107.743,108.487,108.555,107.629,107.767
389,2020-06-09T21:00:00.000000000Z,88045,107.750,107.874,106.987,107.122,107.700,107.867,106.978,107.111,107.800,107.882,106.996,107.133
390,2020-06-10T21:00:00.000000000Z,99646,107.116,107.236,106.573,106.865,107.078,107.226,106.565,106.851,107.154,107.245,106.581,106.879
391,2020-06-11T21:00:00.000000000Z,114301,106.880,107.556,106.587,107.392,106.830,107.548,106.579,107.342,106.930,107.563,106.595,107.442
392,2020-06-14T21:00:00.000000000Z,93167,107.375,107.570,107.000,107.324,107.325,107.559,106.990,107.285,107.425,107.585,107.007,107.363
393,2020-06-15T21:00:00.000000000Z,95203,107.339,107.642,107.214,107.324,107.324,107.635,107.206,107.311,107.354,107.648,107.221,107.338
394,2020-06-16T21:00:00.000000000Z,63740,107.374,107.442,106.952,107.007,107.324,107.435,106.945,106.994,107.424,107.450,106.959,107.020
395,2020-06-17T21:00:00.000000000Z,76020,107.014,107.129,106.668,106.973,106.964,107.122,106.661,106.961,107.064,107.136,106.674,106.985
396,2020-06-18T21:00:00.000000000Z,61394,107.000,107.060,106.768,106.891,106.950,107.052,106.761,106.869,107.050,107.067,106.775,106.913
397,2020-06-21T21:00:00.000000000Z,59138,106.773,107.012,106.769,106.906,106.723,107.005,106.723,106.897,106.823,107.019,106.779,106.915
398,2020-06-22T21:00:00.000000000Z,85235,106.929,107.222,106.074,106.526,106.879,107.215,106.067,106.513,106.979,107.228,106.081,106.540
399,2020-06-23T21:00:00.000000000Z,76467,106.519,107.072,106.384,107.042,106.475,107.065,106.377,107.026,106.563,107.080,106.391,107.057
400,2020-06-24T21:00:00.000000000Z,71507,107.064,107.452,106.985,107.195,107.033,107.445,106.935,107.180,107.096,107.460,107.017,107.210
401,2020-06-25T21:00:00.000000000Z,60982,107.220,107.356,106.800,107.219,107.170,107.346,106.793,107.169,107.270,107.365,106.806,107.269
402,2020-06-28T21:00:00.000000000Z,61571,107.160,107.885,107.041,107.572,107.110,107.879,107.033,107.559,107.210,107.891,107.049,107.584
403,2020-06-29T21:00:00.000000000Z,70001,107.567,107.986,107.522,107.933,107.517,107.977,107.512,107.919,107.617,107.995,107.529,107.947
404,2020-06-30T21:00:00.000000000Z,61049,107.928,108.165,107.363,107.463,107.878,108.158,107.355,107.450,107.978,108.172,107.371,107.476
405,2020-07-01T21:00:00.000000000Z,52704,107.469,107.726,107.334,107.502,107.419,107.720,107.326,107.487,107.519,107.732,107.342,107.516
406,2020-07-02T21:00:00.000000000Z,29082,107.516,107.570,107.437,107.502,107.466,107.562,107.428,107.481,107.566,107.609,107.446,107.523
407,2020-07-05T21:00:00.000000000Z,43852,107.511,107.773,107.258,107.388,107.461,107.766,107.250,107.354,107.561,107.780,107.264,107.422
408,2020-07-06T21:00:00.000000000Z,49881,107.370,107.792,107.246,107.520,107.320,107.786,107.240,107.499,107.420,107.799,107.253,107.542
409,2020-07-07T21:00:00.000000000Z,38628,107.552,107.710,107.202,107.260,107.502,107.702,107.195,107.246,107.602,107.732,107.209,107.275
410,2020-07-08T21:00:00.000000000Z,60915,107.299,107.398,107.099,107.206,107.249,107.392,107.092,107.192,107.349,107.405,107.105,107.220
411,2020-07-09T21:00:00.000000000Z,47695,107.216,107.266,106.638,106.923,107.179,107.258,106.629,106.909,107.253,107.283,106.647,106.937
412,2020-07-12T21:00:00.000000000Z,47475,106.940,107.320,106.788,107.293,106.890,107.313,106.781,107.282,106.990,107.327,106.794,107.304
413,2020-07-13T21:00:00.000000000Z,55949,107.270,107.434,107.120,107.239,107.221,107.421,107.113,107.228,107.320,107.448,107.127,107.250
414,2020-07-14T21:00:00.000000000Z,56215,107.255,107.309,106.668,106.932,107.205,107.301,106.661,106.917,107.305,107.317,106.675,106.946
415,2020-07-15T21:00:00.000000000Z,54537,106.943,107.404,106.836,107.274,106.893,107.396,106.828,107.263,106.993,107.420,106.844,107.285
416,2020-07-16T21:00:00.000000000Z,43013,107.286,107.363,106.940,107.037,107.236,107.356,106.932,107.013,107.336,107.385,106.947,107.061
417,2020-07-19T21:00:00.000000000Z,52129,107.136,107.542,107.018,107.272,107.086,107.526,107.005,107.257,107.186,107.559,107.027,107.286
418,2020-07-20T21:00:00.000000000Z,57528,107.234,107.368,106.681,106.803,107.184,107.361,106.673,106.790,107.284,107.374,106.689,106.816
419,2020-07-21T21:00:00.000000000Z,65152,106.810,107.290,106.712,107.158,106.760,107.284,106.705,107.147,106.860,107.298,106.719,107.168
420,2020-07-22T21:00:00.000000000Z,53582,107.165,107.230,106.712,106.866,107.115,107.224,106.704,106.854,107.215,107.237,106.718,106.879
421,2020-07-23T21:00:00.000000000Z,74158,106.871,106.912,105.682,106.140,106.835,106.867,105.675,106.106,106.907,106.962,105.689,106.173
422,2020-07-26T21:00:00.000000000Z,85781,106.110,106.110,105.117,105.379,106.060,106.084,105.110,105.365,106.160,106.160,105.124,105.393
423,2020-07-27T21:00:00.000000000Z,81392,105.398,105.688,104.956,105.096,105.348,105.680,104.945,105.080,105.448,105.695,104.963,105.111
424,2020-07-28T21:00:00.000000000Z,83821,105.088,105.244,104.773,104.920,105.038,105.236,104.766,104.891,105.138,105.251,104.780,104.949
425,2020-07-29T21:00:00.000000000Z,86846,104.926,105.294,104.680,104.728,104.876,105.286,104.672,104.714,104.976,105.308,104.688,104.742
426,2020-07-30T21:00:00.000000000Z,118847,104.720,106.056,104.188,105.896,104.680,106.049,104.180,105.846,104.759,106.063,104.195,105.946
427,2020-08-02T21:00:00.000000000Z,104381,105.883,106.472,105.581,105.952,105.833,106.466,105.573,105.938,105.933,106.480,105.588,105.967
428,2020-08-03T21:00:00.000000000Z,73080,105.976,106.196,105.640,105.718,105.926,106.190,105.632,105.705,106.026,106.203,105.648,105.731
429,2020-08-04T21:00:00.000000000Z,81669,105.746,105.872,105.322,105.596,105.696,105.866,105.314,105.578,105.796,105.879,105.328,105.613
430,2020-08-05T21:00:00.000000000Z,83066,105.566,105.698,105.302,105.550,105.516,105.691,105.293,105.536,105.616,105.705,105.307,105.563
431,2020-08-06T21:00:00.000000000Z,79710,105.528,106.058,105.481,105.926,105.484,106.050,105.463,105.907,105.572,106.065,105.488,105.946
432,2020-08-09T21:00:00.000000000Z,57089,105.885,106.204,105.710,105.960,105.835,106.196,105.702,105.942,105.935,106.212,105.717,105.978
433,2020-08-10T21:00:00.000000000Z,81384,105.951,106.686,105.930,106.492,105.919,106.679,105.887,106.479,105.983,106.694,105.937,106.504
434,2020-08-11T21:00:00.000000000Z,82981,106.502,107.016,106.442,106.894,106.456,107.008,106.432,106.882,106.548,107.023,106.451,106.907
435,2020-08-12T21:00:00.000000000Z,74087,106.887,107.050,106.568,106.930,106.837,107.044,106.560,106.920,106.937,107.059,106.574,106.940
436,2020-08-13T21:00:00.000000000Z,59014,106.903,107.041,106.436,106.595,106.853,107.034,106.430,106.571,106.953,107.048,106.443,106.619
437,2020-08-16T21:00:00.000000000Z,61988,106.601,106.656,105.944,106.006,106.551,106.649,105.937,105.986,106.651,106.700,105.950,106.026
438,2020-08-17T21:00:00.000000000Z,78238,106.000,106.066,105.284,105.410,105.956,106.046,105.277,105.390,106.045,106.114,105.290,105.429
439,2020-08-18T21:00:00.000000000Z,91415,105.414,106.154,105.104,106.118,105.371,106.146,105.097,106.078,105.458,106.161,105.110,106.159
440,2020-08-19T21:00:00.000000000Z,92679,106.123,106.218,105.745,105.804,106.073,106.210,105.739,105.779,106.173,106.225,105.751,105.828
441,2020-08-20T21:00:00.000000000Z,79431,105.796,106.073,105.442,105.808,105.748,106.066,105.434,105.789,105.844,106.080,105.450,105.827
442,2020-08-23T21:00:00.000000000Z,59566,105.776,105.999,105.690,105.974,105.751,105.991,105.683,105.954,105.801,106.008,105.696,105.995
443,2020-08-24T21:00:00.000000000Z,69838,105.980,106.578,105.873,106.389,105.938,106.571,105.866,106.370,106.022,106.584,105.880,106.408
444,2020-08-25T21:00:00.000000000Z,68775,106.382,106.556,105.957,105.990,106.339,106.550,105.950,105.981,106.424,106.565,105.963,106.000
445,2020-08-26T21:00:00.000000000Z,112330,106.018,106.702,105.604,106.560,105.968,106.695,105.596,106.535,106.068,106.711,105.611,106.586
446,2020-08-27T21:00:00.000000000Z,126174,106.564,106.948,105.203,105.368,106.524,106.941,105.196,105.350,106.605,106.955,105.209,105.385
447,2020-08-30T21:00:00.000000000Z,92231,105.448,106.097,105.294,105.908,105.422,106.090,105.286,105.892,105.474,106.104,105.302,105.925
448,2020-08-31T21:00:00.000000000Z,94184,105.923,106.154,105.592,105.958,105.873,106.148,105.585,105.931,105.973,106.160,105.598,105.985
449,2020-09-01T21:00:00.000000000Z,75715,105.969,106.303,105.851,106.182,105.919,106.296,105.844,106.161,106.019,106.310,105.858,106.202
450,2020-09-02T21:00:00.000000000Z,82228,106.186,106.552,106.004,106.195,106.146,106.545,105.996,106.171,106.226,106.559,106.011,106.219
451,2020-09-03T21:00:00.000000000Z,72276,106.188,106.504,106.057,106.241,106.147,106.498,106.050,106.208,106.228,106.512,106.064,106.274
452,2020-09-06T21:00:00.000000000Z,41251,106.260,106.386,106.133,106.272,106.210,106.380,106.127,106.222,106.310,106.393,106.139,106.322
453,2020-09-07T21:00:00.000000000Z,70368,106.280,106.382,105.862,106.032,106.233,106.376,105.856,106.011,106.326,106.389,105.869,106.052
454,2020-09-08T21:00:00.000000000Z,71322,106.026,106.274,105.790,106.180,105.976,106.268,105.782,106.161,106.076,106.281,105.797,106.198
455,2020-09-09T21:00:00.000000000Z,67614,106.211,106.303,105.984,106.134,106.161,106.296,105.976,106.115,106.261,106.310,105.990,106.154
456,2020-09-10T21:00:00.000000000Z,54244,106.130,106.266,106.058,106.168,106.080,106.258,106.051,106.145,106.180,106.275,106.064,106.190
457,2020-09-13T21:00:00.000000000Z,51587,106.131,106.166,105.546,105.732,106.081,106.159,105.538,105.704,106.181,106.183,105.554,105.761
458,2020-09-14T21:00:00.000000000Z,60372,105.727,105.815,105.299,105.447,105.677,105.810,105.292,105.426,105.777,105.821,105.306,105.468
459,2020-09-15T21:00:00.000000000Z,79208,105.452,105.452,104.804,104.953,105.406,105.425,104.793,104.930,105.497,105.497,104.813,104.976
460,2020-09-16T21:00:00.000000000Z,78216,104.964,105.175,104.526,104.744,104.914,105.167,104.516,104.726,105.014,105.183,104.532,104.763
461,2020-09-17T21:00:00.000000000Z,60357,104.754,104.871,104.274,104.572,104.704,104.864,104.267,104.557,104.804,104.878,104.279,104.587
462,2020-09-20T21:00:00.000000000Z,79400,104.567,104.909,104.001,104.644,104.517,104.891,103.994,104.633,104.617,104.927,104.007,104.655
463,2020-09-21T21:00:00.000000000Z,67686,104.656,105.078,104.406,104.934,104.608,105.071,104.398,104.913,104.704,105.085,104.413,104.956
464,2020-09-22T21:00:00.000000000Z,74434,104.926,105.496,104.878,105.395,104.877,105.488,104.832,105.345,104.975,105.504,104.920,105.445
465,2020-09-23T21:00:00.000000000Z,75222,105.401,105.532,105.206,105.408,105.351,105.525,105.199,105.377,105.451,105.539,105.212,105.440
466,2020-09-24T21:00:00.000000000Z,63878,105.402,105.700,105.240,105.584,105.362,105.694,105.233,105.534,105.443,105.707,105.246,105.634
467,2020-09-27T21:00:00.000000000Z,60955,105.514,105.698,105.264,105.517,105.464,105.661,105.258,105.467,105.564,105.739,105.271,105.567
468,2020-09-28T21:00:00.000000000Z,70566,105.512,105.736,105.343,105.666,105.462,105.729,105.336,105.616,105.562,105.742,105.350,105.716
469,2020-09-29T21:00:00.000000000Z,85392,105.655,105.806,105.403,105.548,105.605,105.798,105.396,105.498,105.705,105.813,105.410,105.598
470,2020-09-30T21:00:00.000000000Z,81043,105.543,105.730,105.404,105.529,105.493,105.723,105.397,105.479,105.593,105.736,105.411,105.579
471,2020-10-01T21:00:00.000000000Z,91333,105.534,105.667,104.944,105.320,105.484,105.660,104.936,105.270,105.584,105.674,104.951,105.370
472,2020-10-04T21:00:00.000000000Z,63407,105.325,105.796,105.297,105.742,105.275,105.788,105.247,105.707,105.375,105.806,105.347,105.778
473,2020-10-05T21:00:00.000000000Z,70682,105.734,105.786,105.471,105.630,105.684,105.779,105.464,105.582,105.784,105.793,105.478,105.678
474,2020-10-06T21:00:00.000000000Z,65763,105.616,106.108,105.600,105.966,105.575,106.102,105.575,105.929,105.657,106.115,105.614,106.003
475,2020-10-07T21:00:00.000000000Z,52192,105.974,106.108,105.924,106.032,105.924,106.099,105.910,106.014,106.024,106.118,105.930,106.051
476,2020-10-08T21:00:00.000000000Z,62264,106.022,106.042,105.581,105.622,105.972,106.035,105.572,105.572,106.072,106.072,105.588,105.672
477,2020-10-11T21:00:00.000000000Z,57928,105.735,105.814,105.242,105.343,105.685,105.764,105.235,105.293,105.785,105.863,105.249,105.393
478,2020-10-12T21:00:00.000000000Z,63557,105.347,105.628,105.282,105.482,105.297,105.622,105.251,105.459,105.397,105.635,105.288,105.506
479,2020-10-13T21:00:00.000000000Z,58959,105.465,105.516,105.037,105.167,105.415,105.511,105.030,105.145,105.515,105.544,105.044,105.189
480,2020-10-14T21:00:00.000000000Z,64227,105.144,105.494,105.065,105.446,105.094,105.488,105.015,105.397,105.194,105.500,105.115,105.495
481,2020-10-15T21:00:00.000000000Z,60291,105.451,105.455,105.191,105.406,105.401,105.437,105.184,105.367,105.501,105.505,105.198,105.444
482,2020-10-18T21:00:00.000000000Z,53223,105.383,105.502,105.302,105.441,105.344,105.497,105.295,105.391,105.422,105.516,105.307,105.491
483,2020-10-19T21:00:00.000000000Z,57498,105.432,105.748,105.351,105.502,105.387,105.742,105.301,105.466,105.477,105.754,105.371,105.539
484,2020-10-20T21:00:00.000000000Z,70716,105.495,105.528,104.342,104.591,105.445,105.520,104.336,104.569,105.545,105.545,104.348,104.613
485,2020-10-21T21:00:00.000000000Z,55517,104.587,104.924,104.476,104.845,104.547,104.918,104.469,104.795,104.627,104.938,104.482,104.895
486,2020-10-22T21:00:00.000000000Z,52145,104.850,104.938,104.548,104.709,104.800,104.931,104.541,104.659,104.900,104.945,104.553,104.759
487,2020-10-25T21:00:00.000000000Z,56784,104.715,105.056,104.656,104.834,104.665,105.050,104.629,104.814,104.765,105.063,104.663,104.854
488,2020-10-26T21:00:00.000000000Z,48351,104.841,104.890,104.389,104.416,104.799,104.884,104.355,104.373,104.883,104.902,104.395,104.459
489,2020-10-27T21:00:00.000000000Z,68187,104.408,104.558,104.114,104.314,104.370,104.551,104.108,104.285,104.447,104.565,104.119,104.343
490,2020-10-28T21:00:00.000000000Z,72141,104.302,104.728,104.025,104.602,104.252,104.722,104.018,104.552,104.352,104.737,104.032,104.652
491,2020-10-29T21:00:00.000000000Z,71631,104.607,104.744,104.125,104.620,104.557,104.739,104.119,104.570,104.657,104.750,104.131,104.670
492,2020-11-01T22:00:00.000000000Z,52056,104.538,104.950,104.534,104.695,104.488,104.943,104.484,104.645,104.588,104.956,104.570,104.745
493,2020-11-02T22:00:00.000000000Z,76959,104.711,104.802,104.433,104.531,104.661,104.796,104.426,104.481,104.761,104.816,104.439,104.581
494,2020-11-03T22:00:00.000000000Z,166793,104.522,105.346,104.150,104.512,104.472,105.338,104.144,104.482,104.572,105.354,104.157,104.541
495,2020-11-04T22:00:00.000000000Z,110775,104.516,104.549,103.442,103.504,104.485,104.530,103.435,103.454,104.547,104.570,103.448,103.554
496,2020-11-05T22:00:00.000000000Z,110974,103.498,103.760,103.177,103.370,103.448,103.755,103.170,103.344,103.548,103.767,103.184,103.395
497,2020-11-08T22:00:00.000000000Z,137853,103.331,105.648,103.190,105.372,103.297,105.641,103.176,105.340,103.365,105.654,103.203,105.404
498,2020-11-09T22:00:00.000000000Z,106284,105.378,105.488,104.822,105.302,105.330,105.482,104.815,105.258,105.425,105.494,104.828,105.347
499,2020-11-10T22:00:00.000000000Z,66405,105.307,105.677,105.006,105.432,105.257,105.670,104.999,105.414,105.357,105.684,105.012,105.449
500,2020-11-11T22:00:00.000000000Z,68023,105.437,105.478,105.070,105.134,105.410,105.472,105.064,105.114,105.464,105.512,105.076,105.154
501,2020-11-12T22:00:00.000000000Z,64613,105.127,105.158,104.565,104.640,105.100,105.145,104.558,104.590,105.154,105.197,104.571,104.690
502,2020-11-15T22:00:00.000000000Z,75617,104.730,105.138,104.364,104.583,104.690,105.131,104.357,104.566,104.771,105.145,104.371,104.600
503,2020-11-16T22:00:00.000000000Z,63725,104.587,104.611,104.071,104.197,104.554,104.587,104.065,104.150,104.620,104.661,104.076,104.244
504,2020-11-17T22:00:00.000000000Z,67048,104.192,104.208,103.653,103.822,104.163,104.193,103.647,103.772,104.220,104.228,103.659,103.872
505,2020-11-18T22:00:00.000000000Z,68982,103.817,104.217,103.719,103.749,103.767,104.211,103.699,103.699,103.867,104.223,103.725,103.799
506,2020-11-19T22:00:00.000000000Z,51677,103.803,103.912,103.703,103.858,103.753,103.905,103.696,103.808,103.853,103.918,103.710,103.908
507,2020-11-22T22:00:00.000000000Z,66662,103.798,104.638,103.683,104.516,103.748,104.632,103.676,104.466,103.848,104.645,103.690,104.566
508,2020-11-23T22:00:00.000000000Z,71937,104.526,104.762,104.147,104.447,104.476,104.755,104.140,104.399,104.576,104.770,104.152,104.495
509,2020-11-24T22:00:00.000000000Z,64763,104.444,104.600,104.256,104.458,104.420,104.593,104.250,104.413,104.467,104.607,104.262,104.504
510,2020-11-25T22:00:00.000000000Z,47585,104.463,104.478,104.216,104.275,104.434,104.462,104.210,104.225,104.492,104.496,104.223,104.325
511,2020-11-26T22:00:00.000000000Z,46039,104.266,104.282,103.906,104.108,104.216,104.267,103.900,104.058,104.316,104.327,103.912,104.158
512,2020-11-29T22:00:00.000000000Z,72366,104.083,104.410,103.832,104.296,104.033,104.403,103.825,104.246,104.133,104.416,103.838,104.346
513,2020-11-30T22:00:00.000000000Z,68209,104.300,104.578,104.182,104.339,104.250,104.572,104.177,104.289,104.350,104.585,104.188,104.389
514,2020-12-01T22:00:00.000000000Z,70091,104.350,104.754,104.226,104.413,104.309,104.746,104.218,104.370,104.390,104.761,104.233,104.456
515,2020-12-02T22:00:00.000000000Z,71192,104.416,104.536,103.672,103.842,104.397,104.529,103.666,103.825,104.435,104.543,103.678,103.858
516,2020-12-03T22:00:00.000000000Z,73753,103.839,104.244,103.739,104.188,103.825,104.238,103.732,104.177,103.853,104.251,103.746,104.199
517,2020-12-06T22:00:00.000000000Z,66606,104.096,104.313,103.922,104.056,104.046,104.307,103.916,104.039,104.146,104.319,103.927,104.073
518,2020-12-07T22:00:00.000000000Z,64247,104.058,104.208,103.956,104.171,104.047,104.201,103.949,104.163,104.069,104.215,103.962,104.179
519,2020-12-08T22:00:00.000000000Z,56237,104.176,104.407,104.052,104.225,104.157,104.401,104.046,104.175,104.196,104.413,104.058,104.275
520,2020-12-09T22:00:00.000000000Z,70313,104.236,104.580,104.174,104.242,104.186,104.574,104.163,104.192,104.286,104.587,104.181,104.292
521,2020-12-10T22:00:00.000000000Z,61468,104.249,104.284,103.824,104.056,104.199,104.262,103.818,104.006,104.299,104.323,103.830,104.106
522,2020-12-13T22:00:00.000000000Z,62995,103.994,104.106,103.512,104.068,103.953,104.098,103.506,104.018,104.036,104.118,103.518,104.118
523,2020-12-14T22:00:00.000000000Z,54068,104.072,104.152,103.606,103.674,104.022,104.146,103.600,103.640,104.122,104.159,103.612,103.708
524,2020-12-15T22:00:00.000000000Z,67823,103.670,103.920,103.262,103.460,103.621,103.913,103.256,103.410,103.719,103.927,103.268,103.510
525,2020-12-16T22:00:00.000000000Z,65795,103.467,103.562,102.874,103.095,103.417,103.556,102.868,103.045,103.517,103.568,102.880,103.145
526,2020-12-17T22:00:00.000000000Z,60443,103.100,103.596,103.090,103.308,103.050,103.590,103.040,103.258,103.150,103.603,103.116,103.358
527,2020-12-20T22:00:00.000000000Z,87746,103.524,103.892,103.252,103.343,103.478,103.885,103.246,103.293,103.570,103.899,103.259,103.393
528,2020-12-21T22:00:00.000000000Z,64172,103.348,103.734,103.281,103.649,103.298,103.728,103.274,103.614,103.398,103.741,103.288,103.684
529,2020-12-22T22:00:00.000000000Z,63962,103.643,103.654,103.356,103.584,103.613,103.648,103.349,103.534,103.673,103.675,103.363,103.634
530,2020-12-23T22:00:00.000000000Z,40532,103.593,103.768,103.501,103.675,103.543,103.761,103.493,103.625,103.643,103.774,103.509,103.725
531,2020-12-24T22:00:00.000000000Z,8,103.687,103.691,103.684,103.690,103.637,103.641,103.634,103.640,103.737,103.741,103.734,103.740
532,2020-12-27T22:00:00.000000000Z,51057,103.530,103.900,103.405,103.810,103.480,103.893,103.392,103.760,103.580,103.906,103.412,103.860
533,2020-12-28T22:00:00.000000000Z,51514,103.817,103.844,103.464,103.603,103.767,103.799,103.457,103.553,103.867,103.894,103.470,103.653
534,2020-12-29T22:00:00.000000000Z,60095,103.598,103.638,102.962,103.164,103.548,103.588,102.956,103.114,103.648,103.688,102.968,103.214
535,2020-12-30T22:00:00.000000000Z,49675,103.168,103.321,102.996,103.318,103.118,103.309,102.990,103.297,103.218,103.347,103.002,103.339
536,2021-01-03T22:00:00.000000000Z,75269,103.120,103.317,102.714,103.126,103.083,103.310,102.707,103.080,103.157,103.325,102.720,103.173
537,2021-01-04T22:00:00.000000000Z,69915,103.121,103.192,102.604,102.739,103.081,103.185,102.598,102.689,103.161,103.200,102.611,102.789
538,2021-01-05T22:00:00.000000000Z,98425,102.733,103.444,102.593,103.048,102.683,103.438,102.585,102.998,102.783,103.451,102.601,103.098
539,2021-01-06T22:00:00.000000000Z,88511,103.053,103.959,102.951,103.812,103.003,103.952,102.944,103.762,103.103,103.966,102.958,103.862
540,2021-01-07T22:00:00.000000000Z,101727,103.816,104.094,103.604,103.934,103.766,104.087,103.597,103.884,103.866,104.101,103.611,103.984
541,2021-01-10T22:00:00.000000000Z,67604,103.899,104.399,103.890,104.266,103.849,104.392,103.840,104.226,103.949,104.408,103.930,104.306
542,2021-01-11T22:00:00.000000000Z,69048,104.270,104.333,103.722,103.752,104.220,104.327,103.715,103.744,104.320,104.342,103.728,103.761
543,2021-01-12T22:00:00.000000000Z,66314,103.760,103.998,103.526,103.884,103.712,103.992,103.519,103.834,103.809,104.005,103.532,103.934
544,2021-01-13T22:00:00.000000000Z,77022,103.891,104.198,103.563,103.802,103.841,104.191,103.556,103.781,103.941,104.206,103.570,103.824
545,2021-01-14T22:00:00.000000000Z,60017,103.808,103.913,103.616,103.876,103.779,103.906,103.609,103.862,103.836,103.920,103.624,103.890
546,2021-01-17T22:00:00.000000000Z,55602,103.818,103.931,103.638,103.691,103.795,103.924,103.632,103.667,103.841,103.938,103.645,103.715
547,2021-01-18T22:00:00.000000000Z,60759,103.686,104.086,103.653,103.902,103.662,104.081,103.646,103.885,103.710,104.094,103.660,103.920
548,2021-01-19T22:00:00.000000000Z,57625,103.900,103.936,103.448,103.542,103.884,103.924,103.440,103.531,103.916,103.979,103.454,103.552
549,2021-01-20T22:00:00.000000000Z,62962,103.538,103.669,103.328,103.511,103.516,103.662,103.322,103.476,103.560,103.676,103.335,103.546
550,2021-01-21T22:00:00.000000000Z,52145,103.503,103.886,103.486,103.777,103.453,103.880,103.453,103.727,103.553,103.893,103.493,103.827
551,2021-01-24T22:00:00.000000000Z,51308,103.809,103.938,103.672,103.738,103.759,103.932,103.666,103.688,103.859,103.944,103.679,103.788
552,2021-01-25T22:00:00.000000000Z,47321,103.732,103.829,103.556,103.618,103.682,103.823,103.550,103.600,103.782,103.836,103.562,103.637
553,2021-01-26T22:00:00.000000000Z,59594,103.623,104.201,103.588,104.110,103.592,104.195,103.578,104.060,103.654,104.208,103.594,104.160
554,2021-01-27T22:00:00.000000000Z,61373,104.106,104.463,104.064,104.231,104.056,104.456,104.042,104.181,104.156,104.470,104.077,104.281
555,2021-01-28T22:00:00.000000000Z,71206,104.226,104.941,104.224,104.714,104.176,104.934,104.176,104.664,104.276,104.948,104.232,104.764
556,2021-01-31T22:00:00.000000000Z,41587,104.790,105.036,104.609,104.924,104.740,105.030,104.602,104.907,104.840,105.042,104.616,104.941
557,2021-02-01T22:00:00.000000000Z,43233,104.920,105.174,104.829,104.973,104.898,105.168,104.822,104.931,104.942,105.180,104.836,105.015
558,2021-02-02T22:00:00.000000000Z,32850,104.981,105.106,104.923,105.030,104.931,105.100,104.916,105.021,105.031,105.112,104.930,105.040
559,2021-02-03T22:00:00.000000000Z,36749,105.022,105.608,104.976,105.583,104.986,105.559,104.969,105.533,105.057,105.658,104.982,105.633
560,2021-02-04T22:00:00.000000000Z,51295,105.596,105.768,105.336,105.400,105.546,105.762,105.298,105.350,105.646,105.785,105.342,105.450
561,2021-02-07T22:00:00.000000000Z,44430,105.350,105.672,105.150,105.223,105.300,105.666,105.144,105.173,105.400,105.679,105.157,105.273
562,2021-02-08T22:00:00.000000000Z,55472,105.217,105.265,104.498,104.602,105.167,105.256,104.491,104.552,105.267,105.293,104.504,104.652
563,2021-02-09T22:00:00.000000000Z,47304,104.582,104.844,104.410,104.580,104.532,104.836,104.402,104.537,104.632,104.852,104.418,104.622
564,2021-02-10T22:00:00.000000000Z,43443,104.589,104.805,104.551,104.747,104.574,104.799,104.545,104.697,104.604,104.848,104.557,104.797
565,2021-02-11T22:00:00.000000000Z,41760,104.794,105.183,104.738,104.926,104.744,105.177,104.697,104.913,104.844,105.189,104.743,104.939
566,2021-02-14T22:00:00.000000000Z,32873,104.905,105.420,104.905,105.388,104.855,105.413,104.855,105.338,104.955,105.438,104.955,105.438
567,2021-02-15T22:00:00.000000000Z,54193,105.376,106.078,105.182,106.047,105.347,106.063,105.176,106.021,105.405,106.098,105.189,106.073
568,2021-02-16T22:00:00.000000000Z,62477,106.043,106.226,105.778,105.875,106.024,106.220,105.770,105.825,106.062,106.233,105.786,105.925
569,2021-02-17T22:00:00.000000000Z,45661,105.870,105.925,105.598,105.715,105.860,105.919,105.593,105.665,105.880,105.931,105.604,105.765
570,2021-02-18T22:00:00.000000000Z,50153,105.694,105.742,105.240,105.429,105.676,105.736,105.234,105.407,105.713,105.749,105.246,105.451
571,2021-02-21T22:00:00.000000000Z,61662,105.401,105.846,104.984,105.081,105.357,105.839,104.978,105.031,105.445,105.852,104.990,105.131
572,2021-02-22T22:00:00.000000000Z,52638,105.072,105.430,104.922,105.251,105.048,105.424,104.916,105.201,105.097,105.436,104.929,105.301
573,2021-02-23T22:00:00.000000000Z,70767,105.256,106.105,105.194,105.885,105.216,106.099,105.186,105.835,105.297,106.111,105.201,105.935
574,2021-02-24T22:00:00.000000000Z,103679,105.852,106.406,105.845,106.214,105.827,106.399,105.822,106.164,105.878,106.413,105.853,106.264
575,2021-02-25T22:00:00.000000000Z,126833,106.208,106.694,105.850,106.568,106.175,106.687,105.843,106.518,106.240,106.700,105.856,106.618
576,2021-02-28T22:00:00.000000000Z,65284,106.553,106.890,106.367,106.762,106.503,106.884,106.360,106.712,106.603,106.896,106.374,106.812
577,2021-03-01T22:00:00.000000000Z,55035,106.719,106.958,106.676,106.687,106.669,106.952,106.654,106.654,106.769,106.965,106.683,106.720
578,2021-03-02T22:00:00.000000000Z,59362,106.691,107.154,106.683,107.014,106.672,107.147,106.664,106.964,106.710,107.161,106.699,107.064
579,2021-03-03T22:00:00.000000000Z,71843,106.993,107.988,106.968,107.982,106.954,107.981,106.937,107.932,107.032,108.035,106.975,108.032
580,2021-03-04T22:00:00.000000000Z,103084,107.963,108.646,107.821,108.339,107.944,108.639,107.814,108.289,107.982,108.653,107.827,108.389
581,2021-03-07T22:00:00.000000000Z,67547,108.360,108.944,108.310,108.899,108.310,108.937,108.271,108.849,108.410,108.985,108.317,108.949
582,2021-03-08T22:00:00.000000000Z,89467,108.884,109.236,108.415,108.488,108.839,109.229,108.408,108.438,108.930,109.242,108.422,108.538
583,2021-03-09T22:00:00.000000000Z,80377,108.472,108.920,108.339,108.381,108.455,108.914,108.331,108.331,108.489,108.927,108.345,108.431
584,2021-03-10T22:00:00.000000000Z,82077,108.404,108.813,108.357,108.511,108.355,108.806,108.328,108.461,108.453,108.820,108.364,108.561
585,2021-03-11T22:00:00.000000000Z,79256,108.517,109.166,108.495,109.024,108.491,109.160,108.463,109.012,108.543,109.173,108.510,109.036
586,2021-03-14T21:00:00.000000000Z,65320,109.006,109.364,108.914,109.129,108.956,109.357,108.908,109.079,109.056,109.371,108.921,109.179
587,2021-03-15T21:00:00.000000000Z,64225,109.148,109.288,108.772,109.000,109.119,109.282,108.765,108.950,109.177,109.294,108.778,109.050
588,2021-03-16T21:00:00.000000000Z,67055,108.994,109.326,108.746,108.841,108.968,109.320,108.739,108.827,109.021,109.332,108.752,108.855
589,2021-03-17T21:00:00.000000000Z,88424,108.846,109.304,108.624,108.886,108.801,109.298,108.619,108.840,108.891,109.309,108.630,108.931
590,2021-03-18T21:00:00.000000000Z,73612,108.932,109.130,108.608,108.884,108.895,109.122,108.602,108.868,108.970,109.139,108.614,108.899
591,2021-03-21T21:00:00.000000000Z,51837,108.666,108.957,108.596,108.845,108.616,108.951,108.569,108.795,108.716,108.963,108.617,108.895
592,2021-03-22T21:00:00.000000000Z,60375,108.841,108.874,108.406,108.584,108.813,108.868,108.400,108.534,108.869,108.880,108.413,108.634
593,2021-03-23T21:00:00.000000000Z,52057,108.612,108.957,108.452,108.738,108.572,108.951,108.446,108.688,108.651,108.964,108.458,108.788
594,2021-03-24T21:00:00.000000000Z,56965,108.726,109.238,108.726,109.186,108.699,109.233,108.693,109.154,108.754,109.244,108.736,109.218
595,2021-03-25T21:00:00.000000000Z,57945,109.188,109.849,109.131,109.682,109.175,109.843,109.124,109.666,109.202,109.855,109.138,109.697
596,2021-03-28T21:00:00.000000000Z,53338,109.734,109.846,109.374,109.795,109.686,109.840,109.367,109.745,109.781,109.881,109.380,109.845
597,2021-03-29T21:00:00.000000000Z,57585,109.783,110.428,109.750,110.360,109.750,110.421,109.713,110.310,109.816,110.434,109.767,110.410
598,2021-03-30T21:00:00.000000000Z,76076,110.367,110.966,110.275,110.697,110.350,110.960,110.268,110.647,110.384,110.973,110.282,110.747
599,2021-03-31T21:00:00.000000000Z,56811,110.723,110.849,110.546,110.617,110.693,110.843,110.541,110.567,110.753,110.855,110.552,110.667
600,2021-04-01T21:00:00.000000000Z,38785,110.609,110.752,110.374,110.675,110.559,110.745,110.367,110.625,110.659,110.759,110.382,110.725
601,2021-04-04T21:00:00.000000000Z,47252,110.658,110.751,109.961,110.177,110.608,110.744,109.954,110.127,110.708,110.758,109.968,110.227
602,2021-04-05T21:00:00.000000000Z,70650,110.190,110.554,109.668,109.752,110.155,110.547,109.662,109.702,110.226,110.598,109.675,109.802
603,2021-04-06T21:00:00.000000000Z,68249,109.765,109.942,109.578,109.855,109.715,109.936,109.571,109.806,109.815,109.949,109.585,109.904
604,2021-04-07T21:00:00.000000000Z,58045,109.846,109.904,108.999,109.261,109.822,109.898,108.992,109.211,109.870,109.911,109.006,109.311
605,2021-04-08T21:00:00.000000000Z,57040,109.252,109.962,109.213,109.672,109.202,109.955,109.173,109.658,109.302,109.969,109.220,109.686
606,2021-04-11T21:00:00.000000000Z,50555,109.714,109.793,109.246,109.374,109.664,109.764,109.240,109.324,109.764,109.843,109.253,109.424
607,2021-04-12T21:00:00.000000000Z,68419,109.382,109.753,109.019,109.061,109.361,109.746,109.012,109.020,109.404,109.760,109.026,109.102
608,2021-04-13T21:00:00.000000000Z,55794,109.068,109.096,108.752,108.917,109.018,109.089,108.746,108.867,109.118,109.118,108.758,108.967
609,2021-04-14T21:00:00.000000000Z,52943,108.951,108.974,108.612,108.764,108.901,108.958,108.607,108.714,109.001,109.024,108.618,108.814
610,2021-04-15T21:00:00.000000000Z,45738,108.754,108.966,108.612,108.802,108.711,108.960,108.605,108.783,108.798,108.973,108.619,108.822
611,2021-04-18T21:00:00.000000000Z,67437,108.786,108.836,108.008,108.166,108.736,108.827,108.002,108.116,108.836,108.870,108.015,108.216
612,2021-04-19T21:00:00.000000000Z,60616,108.153,108.550,107.972,108.113,108.103,108.543,107.965,108.063,108.203,108.556,107.980,108.163
613,2021-04-20T21:00:00.000000000Z,51177,108.128,108.284,107.875,108.078,108.078,108.277,107.868,108.028,108.178,108.290,107.882,108.128
614,2021-04-21T21:00:00.000000000Z,58932,108.061,108.232,107.814,107.980,108.011,108.226,107.807,107.930,108.111,108.239,107.821,108.030
615,2021-04-22T21:00:00.000000000Z,60408,107.984,108.147,107.478,107.866,107.934,108.141,107.471,107.852,108.034,108.153,107.485,107.881
616,2021-04-25T21:00:00.000000000Z,62541,107.939,108.198,107.644,108.080,107.889,108.192,107.637,108.030,107.989,108.205,107.651,108.130
617,2021-04-26T21:00:00.000000000Z,56842,108.085,108.775,108.080,108.702,108.066,108.768,108.059,108.652,108.104,108.782,108.096,108.752
618,2021-04-27T21:00:00.000000000Z,72280,108.673,109.080,108.572,108.578,108.623,109.074,108.524,108.528,108.723,109.086,108.579,108.628
619,2021-04-28T21:00:00.000000000Z,61493,108.574,109.230,108.434,108.929,108.524,109.215,108.428,108.888,108.624,109.274,108.441,108.970
620,2021-04-29T21:00:00.000000000Z,63820,108.926,109.378,108.714,109.300,108.909,109.352,108.707,109.250,108.943,109.406,108.720,109.350
621,2021-05-02T21:00:00.000000000Z,54774,109.292,109.698,108.895,109.078,109.271,109.693,108.889,109.028,109.313,109.705,108.901,109.128
622,2021-05-03T21:00:00.000000000Z,77006,109.093,109.488,109.029,109.376,109.048,109.482,108.981,109.326,109.138,109.494,109.037,109.426
